{
  "seed":1602746013,
  "pop":5000,
  "Source_batches":10,
  "Time_increment":1.00000E-07,
  "Time_bins":100,
  "Total_CPU_Time":1.07440E+02,
  "Transport_time":6.70729E+00,
  "batchSize":1,
  "flux_time":{
    "multiMapOrder":["Cell","Time"],
    "CellBins":[["1"],["2"]],
    "TimeBounds":[[0.00000E+00,1.00000E-07],[1.00000E-07,2.00000E-07],[2.00000E-07,3.00000E-07],[3.00000E-07,4.00000E-07],[4.00000E-07,5.00000E-07],[5.00000E-07,6.00000E-07],[6.00000E-07,7.00000E-07],[7.00000E-07,8.00000E-07],[8.00000E-07,9.00000E-07],[9.00000E-07,1.00000E-06],[1.00000E-06,1.10000E-06],[1.10000E-06,1.20000E-06],[1.20000E-06,1.30000E-06],[1.30000E-06,1.40000E-06],[1.40000E-06,1.50000E-06],[1.50000E-06,1.60000E-06],[1.60000E-06,1.70000E-06],[1.70000E-06,1.80000E-06],[1.80000E-06,1.90000E-06],[1.90000E-06,2.00000E-06],[2.00000E-06,2.10000E-06],[2.10000E-06,2.20000E-06],[2.20000E-06,2.30000E-06],[2.30000E-06,2.40000E-06],[2.40000E-06,2.50000E-06],[2.50000E-06,2.60000E-06],[2.60000E-06,2.70000E-06],[2.70000E-06,2.80000E-06],[2.80000E-06,2.90000E-06],[2.90000E-06,3.00000E-06],[3.00000E-06,3.10000E-06],[3.10000E-06,3.20000E-06],[3.20000E-06,3.30000E-06],[3.30000E-06,3.40000E-06],[3.40000E-06,3.50000E-06],[3.50000E-06,3.60000E-06],[3.60000E-06,3.70000E-06],[3.70000E-06,3.80000E-06],[3.80000E-06,3.90000E-06],[3.90000E-06,4.00000E-06],[4.00000E-06,4.10000E-06],[4.10000E-06,4.20000E-06],[4.20000E-06,4.30000E-06],[4.30000E-06,4.40000E-06],[4.40000E-06,4.50000E-06],[4.50000E-06,4.60000E-06],[4.60000E-06,4.70000E-06],[4.70000E-06,4.80000E-06],[4.80000E-06,4.90000E-06],[4.90000E-06,5.00000E-06],[5.00000E-06,5.10000E-06],[5.10000E-06,5.20000E-06],[5.20000E-06,5.30000E-06],[5.30000E-06,5.40000E-06],[5.40000E-06,5.50000E-06],[5.50000E-06,5.60000E-06],[5.60000E-06,5.70000E-06],[5.70000E-06,5.80000E-06],[5.80000E-06,5.90000E-06],[5.90000E-06,6.00000E-06],[6.00000E-06,6.10000E-06],[6.10000E-06,6.20000E-06],[6.20000E-06,6.30000E-06],[6.30000E-06,6.40000E-06],[6.40000E-06,6.50000E-06],[6.50000E-06,6.60000E-06],[6.60000E-06,6.70000E-06],[6.70000E-06,6.80000E-06],[6.80000E-06,6.90000E-06],[6.90000E-06,7.00000E-06],[7.00000E-06,7.10000E-06],[7.10000E-06,7.20000E-06],[7.20000E-06,7.30000E-06],[7.30000E-06,7.40000E-06],[7.40000E-06,7.50000E-06],[7.50000E-06,7.60000E-06],[7.60000E-06,7.70000E-06],[7.70000E-06,7.80000E-06],[7.80000E-06,7.90000E-06],[7.90000E-06,8.00000E-06],[8.00000E-06,8.10000E-06],[8.10000E-06,8.20000E-06],[8.20000E-06,8.30000E-06],[8.30000E-06,8.40000E-06],[8.40000E-06,8.50000E-06],[8.50000E-06,8.60000E-06],[8.60000E-06,8.70000E-06],[8.70000E-06,8.80000E-06],[8.80000E-06,8.90000E-06],[8.90000E-06,9.00000E-06],[9.00000E-06,9.10000E-06],[9.10000E-06,9.20000E-06],[9.20000E-06,9.30000E-06],[9.30000E-06,9.40000E-06],[9.40000E-06,9.50000E-06],[9.50000E-06,9.60000E-06],[9.60000E-06,9.70000E-06],[9.70000E-06,9.80000E-06],[9.80000E-06,9.90000E-06],[9.90000E-06,1.00000E-05]],
    "Res":[[[[1.79489E+04,3.46146E+01]],[[1.32010E+01,1.51100E+00]]],[[[5.36568E+03,3.26291E+01]],[[3.84301E+01,1.80976E+00]]],[[[3.15900E+03,1.38163E+01]],[[2.48077E+01,1.60039E+00]]],[[[2.21008E+03,1.10200E+01]],[[1.60923E+01,1.22106E+00]]],[[[1.69773E+03,1.28713E+01]],[[1.23705E+01,1.26274E+00]]],[[[1.38571E+03,1.44591E+01]],[[9.44532E+00,8.11943E-01]]],[[[1.17602E+03,7.03486E+00]],[[6.85971E+00,8.42411E-01]]],[[[1.01638E+03,8.32669E+00]],[[5.94380E+00,7.74404E-01]]],[[[9.02728E+02,8.94225E+00]],[[4.23080E+00,7.07962E-01]]],[[[8.02594E+02,5.05821E+00]],[[4.00103E+00,4.31804E-01]]],[[[7.25892E+02,5.74007E+00]],[[2.97832E+00,4.64227E-01]]],[[[6.54354E+02,6.63643E+00]],[[2.82254E+00,5.07496E-01]]],[[[6.09811E+02,7.46262E+00]],[[2.62672E+00,5.72573E-01]]],[[[5.54913E+02,6.14981E+00]],[[3.21141E+00,3.60065E-01]]],[[[5.27052E+02,8.86383E+00]],[[2.49326E+00,3.42163E-01]]],[[[4.83388E+02,7.13118E+00]],[[2.73487E+00,3.87742E-01]]],[[[4.59104E+02,2.73319E+00]],[[2.17752E+00,4.43930E-01]]],[[[4.36922E+02,5.71212E+00]],[[2.94637E+00,4.62018E-01]]],[[[4.08921E+02,4.85122E+00]],[[1.53154E+00,4.89887E-01]]],[[[3.81783E+02,5.82012E+00]],[[1.83909E+00,4.13489E-01]]],[[[3.70071E+02,5.22641E+00]],[[1.77342E+00,4.43559E-01]]],[[[3.57775E+02,5.41836E+00]],[[1.79757E+00,4.46729E-01]]],[[[3.35195E+02,5.20616E+00]],[[1.39357E+00,3.43970E-01]]],[[[3.37253E+02,4.54509E+00]],[[1.54106E+00,3.52213E-01]]],[[[3.17511E+02,5.66284E+00]],[[1.97021E+00,3.02097E-01]]],[[[3.04939E+02,3.55726E+00]],[[1.52082E+00,4.40451E-01]]],[[[2.96426E+02,4.40266E+00]],[[9.05307E-01,2.14366E-01]]],[[[2.79341E+02,4.83231E+00]],[[1.39491E+00,2.25241E-01]]],[[[2.68048E+02,4.89362E+00]],[[1.33346E+00,3.09364E-01]]],[[[2.59296E+02,4.79610E+00]],[[1.39188E+00,3.84508E-01]]],[[[2.52482E+02,4.30038E+00]],[[1.02441E+00,1.81317E-01]]],[[[2.43993E+02,3.79124E+00]],[[1.29904E+00,3.05608E-01]]],[[[2.28786E+02,2.77934E+00]],[[8.46246E-01,1.41607E-01]]],[[[2.32519E+02,2.46847E+00]],[[1.55786E+00,2.95810E-01]]],[[[2.25490E+02,4.10161E+00]],[[1.28371E+00,3.13045E-01]]],[[[2.22517E+02,2.54301E+00]],[[1.03423E+00,1.85728E-01]]],[[[2.08070E+02,3.98029E+00]],[[9.88986E-01,1.57263E-01]]],[[[2.12922E+02,2.73506E+00]],[[1.07882E+00,3.11405E-01]]],[[[2.05029E+02,3.60326E+00]],[[1.00182E+00,2.76261E-01]]],[[[2.02035E+02,3.57565E+00]],[[9.07052E-01,2.06700E-01]]],[[[1.97576E+02,2.79918E+00]],[[1.17209E+00,1.99513E-01]]],[[[1.94790E+02,3.66965E+00]],[[6.85687E-01,1.91330E-01]]],[[[1.95738E+02,3.36916E+00]],[[1.11910E+00,2.75032E-01]]],[[[1.92761E+02,3.46461E+00]],[[8.15530E-01,1.95571E-01]]],[[[1.81730E+02,2.80067E+00]],[[8.50865E-01,2.15019E-01]]],[[[1.76710E+02,3.02083E+00]],[[8.21162E-01,2.00499E-01]]],[[[1.78856E+02,2.54102E+00]],[[9.75521E-01,1.93717E-01]]],[[[1.75072E+02,3.45935E+00]],[[8.58581E-01,1.84491E-01]]],[[[1.72684E+02,3.35563E+00]],[[7.26859E-01,1.84683E-01]]],[[[1.71569E+02,2.73462E+00]],[[8.59607E-01,1.76212E-01]]],[[[1.72497E+02,2.47837E+00]],[[5.01526E-01,2.24514E-01]]],[[[1.60140E+02,4.02933E+00]],[[5.89883E-01,2.42438E-01]]],[[[1.63465E+02,3.44572E+00]],[[4.84262E-01,9.71794E-02]]],[[[1.61883E+02,3.29905E+00]],[[8.38050E-01,2.67389E-01]]],[[[1.57148E+02,2.95896E+00]],[[8.39399E-01,2.63678E-01]]],[[[1.56303E+02,2.01223E+00]],[[4.59247E-01,1.57267E-01]]],[[[1.54282E+02,1.85006E+00]],[[7.75155E-01,1.94673E-01]]],[[[1.52916E+02,3.35659E+00]],[[6.98505E-01,1.71723E-01]]],[[[1.51755E+02,2.18997E+00]],[[5.40810E-01,1.30763E-01]]],[[[1.47202E+02,2.32835E+00]],[[2.93956E-01,1.41275E-01]]],[[[1.47912E+02,3.04380E+00]],[[4.10362E-01,9.48395E-02]]],[[[1.44181E+02,2.89607E+00]],[[5.00362E-01,1.51228E-01]]],[[[1.43763E+02,2.58705E+00]],[[6.84163E-01,1.65408E-01]]],[[[1.40460E+02,2.44687E+00]],[[5.31518E-01,1.49502E-01]]],[[[1.35447E+02,3.35709E+00]],[[8.67990E-01,1.76235E-01]]],[[[1.43033E+02,1.53118E+00]],[[3.27235E-01,6.03666E-02]]],[[[1.35802E+02,1.46141E+00]],[[5.37210E-01,1.42083E-01]]],[[[1.32550E+02,2.84530E+00]],[[2.82901E-01,1.21647E-01]]],[[[1.36384E+02,2.60000E+00]],[[7.23347E-01,1.86954E-01]]],[[[1.32595E+02,2.17891E+00]],[[5.61569E-01,1.36830E-01]]],[[[1.33185E+02,2.18131E+00]],[[5.97652E-01,1.31624E-01]]],[[[1.32597E+02,1.41000E+00]],[[3.34727E-01,1.02045E-01]]],[[[1.29787E+02,2.14966E+00]],[[4.22722E-01,1.15620E-01]]],[[[1.25778E+02,2.02756E+00]],[[5.08179E-01,1.20635E-01]]],[[[1.30012E+02,1.26881E+00]],[[6.01547E-01,1.57528E-01]]],[[[1.29522E+02,2.47321E+00]],[[4.23076E-01,1.14623E-01]]],[[[1.26135E+02,1.95635E+00]],[[3.97251E-01,1.35488E-01]]],[[[1.30699E+02,2.57076E+00]],[[4.17830E-01,1.36347E-01]]],[[[1.27740E+02,2.80703E+00]],[[3.89163E-01,1.13354E-01]]],[[[1.24429E+02,2.48944E+00]],[[4.82339E-01,1.22281E-01]]],[[[1.23626E+02,1.86406E+00]],[[2.61982E-01,8.37584E-02]]],[[[1.25479E+02,3.23333E+00]],[[7.61483E-01,1.36053E-01]]],[[[1.20895E+02,1.72309E+00]],[[6.18301E-01,1.59006E-01]]],[[[1.18937E+02,2.13075E+00]],[[4.46851E-01,8.51807E-02]]],[[[1.19783E+02,1.90871E+00]],[[5.08162E-01,1.07780E-01]]],[[[1.22961E+02,1.51907E+00]],[[8.58752E-01,8.87338E-02]]],[[[1.17934E+02,1.67772E+00]],[[5.56580E-01,1.11009E-01]]],[[[1.17700E+02,1.91146E+00]],[[4.57727E-01,