{
  "seed":-665082373,
  "pop":100000,
  "Source_batches":2,
  "Time_increment":1.00000E-04,
  "Time_bins":50,
  "Total_CPU_Time":3.43215E+02,
  "Transport_time":2.21560E+01,
  "Transport_time_bootstrap":2.21708E+01,
  "batchSize":21925,
  "flux_time":{
    "TimeBounds":[[0.00000E+00,1.00000E-04],[1.00000E-04,2.00000E-04],[2.00000E-04,3.00000E-04],[3.00000E-04,4.00000E-04],[4.00000E-04,5.00000E-04],[5.00000E-04,6.00000E-04],[6.00000E-04,7.00000E-04],[7.00000E-04,8.00000E-04],[8.00000E-04,9.00000E-04],[9.00000E-04,1.00000E-03],[1.00000E-03,1.10000E-03],[1.10000E-03,1.20000E-03],[1.20000E-03,1.30000E-03],[1.30000E-03,1.40000E-03],[1.40000E-03,1.50000E-03],[1.50000E-03,1.60000E-03],[1.60000E-03,1.70000E-03],[1.70000E-03,1.80000E-03],[1.80000E-03,1.90000E-03],[1.90000E-03,2.00000E-03],[2.00000E-03,2.10000E-03],[2.10000E-03,2.20000E-03],[2.20000E-03,2.30000E-03],[2.30000E-03,2.40000E-03],[2.40000E-03,2.50000E-03],[2.50000E-03,2.60000E-03],[2.60000E-03,2.70000E-03],[2.70000E-03,2.80000E-03],[2.80000E-03,2.90000E-03],[2.90000E-03,3.00000E-03],[3.00000E-03,3.10000E-03],[3.10000E-03,3.20000E-03],[3.20000E-03,3.30000E-03],[3.30000E-03,3.40000E-03],[3.40000E-03,3.50000E-03],[3.50000E-03,3.60000E-03],[3.60000E-03,3.70000E-03],[3.70000E-03,3.80000E-03],[3.80000E-03,3.90000E-03],[3.90000E-03,4.00000E-03],[4.00000E-03,4.10000E-03],[4.10000E-03,4.20000E-03],[4.20000E-03,4.30000E-03],[4.30000E-03,4.40000E-03],[4.40000E-03,4.50000E-03],[4.50000E-03,4.60000E-03],[4.60000E-03,4.70000E-03],[4.70000E-03,4.80000E-03],[4.80000E-03,4.90000E-03],[4.90000E-03,5.00000E-03]],
    "Res":[[[6.46331E+06,6.84919E+03]],[[7.31752E+05,1.52323E+03]],[[5.43407E+05,3.62387E+02]],[[4.04900E+05,5.99395E+02]],[[3.01268E+05,3.57631E+02]],[[2.23660E+05,3.54669E+01]],[[1.66383E+05,1.41802E+02]],[[1.23654E+05,1.44636E+02]],[[9.18463E+04,1.39632E+02]],[[6.78957E+04,2.33462E+01]],[[5.02408E+04,2.27257E+01]],[[3.71180E+04,3.70682E+01]],[[2.74353E+04,6.67625E+01]],[[2.02974E+04,8.43675E+01]],[[1.49755E+04,5.24209E+01]],[[1.10334E+04,3.92754E+01]],[[8.15174E+03,4.08214E+01]],[[6.01408E+03,2.89293E+01]],[[4.44567E+03,1.85427E+01]],[[3.27691E+03,1.48649E+01]],[[2.41779E+03,1.20587E+01]],[[1.78391E+03,7.36122E+00]],[[1.31617E+03,5.87042E+00]],[[9.70649E+02,6.10313E+00]],[[7.15176E+02,4.19176E+00]],[[5.27567E+02,3.43222E+00]],[[3.88969E+02,3.46662E+00]],[[2.86548E+02,2.43082E+00]],[[2.11405E+02,1.49985E+00]],[[1.55538E+02,9.05167E-01]],[[1.14674E+02,5.54629E-01]],[[8.44910E+01,6.09755E-01]],[[6.22946E+01,5.97568E-01]],[[4.58751E+01,4.39637E-01]],[[3.37734E+01,3.32325E-01]],[[2.49326E+01,2.41736E-01]],[[1.83876E+01,1.75865E-01]],[[1.35867E+01,1.21664E-01]],[[1.00141E+01,1.06343E-01]],[[7.36179E+00,6.82965E-02]],[[5.42157E+00,4.82158E-02]],[[3.99704E+00,2.95296E-02]],[[2.94350E+00,2.23796E-02]],[[2.16724E+00,2.14306E-02]],[[1.59585E+00,1.50527E-02]],[[1.17415E+00,1.17899E-02]],[[8.63800E-01,8.54309E-03]],[[6.36739E-01,6.03778E-03]],[[4.69293E-01,5.86438E-03]],[[3.46193E-01,3.50158E-03]]],
    "BootstrapSTDBiased":[[3.52584E+03],[7.38413E+02],[1.77533E+02],[3.17170E+02],[1.87543E+02],[1.71932E+01],[7.16066E+01],[6.78403E+01],[7.58394E+01],[1.25723E+01],[1.02895E+01],[1.83478E+01],[3.77666E+01],[4.00190E+01],[2.56809E+01],[1.94404E+01],[1.97889E+01],[1.48923E+01],[8.98893E+00],[7.86574E+00],[6.14877E+00],[3.89519E+00],[3.02198E+00],[3.14178E+00],[2.01030E+00],[1.78344E+00],[1.80131E+00],[1.29770E+00],[7.64777E-01],[5.08024E-01],[2.80074E-01],[2.92428E-01],[2.98784E-01],[2.17609E-01],[1.67816E-01],[1.14665E-01],[8.61558E-02],[6.14372E-02],[5.15515E-02],[3.61391E-02],[2.41079E-02],[1.43150E-02],[9.75506E-03],[1.02778E-02],[7.37427E-03],[5.59245E-03],[4.35614E-03],[3.36169E-03],[2.81246E-03],[1.80255E-03]],
    "BootstrapSTDBiasAdjusted":[[5.87196E+03],[1.33228E+03],[3.15922E+02],[5.08604E+02],[3.04512E+02],[3.10209E+01],[1.22394E+02],[1.27739E+02],[1.17241E+02],[1.96718E+01],[2.02629E+01],[3.22088E+01],[5.50538E+01],[7.42721E+01],[4.56995E+01],[3.41267E+01],[3.57041E+01],[2.48017E+01],[1.62183E+01],[1.26132E+01],[1.03733E+01],[6.24620E+00],[5.03284E+00],[5.23234E+00],[3.67825E+00],[2.93249E+00],[2.96188E+00],[2.05544E+00],[1.29022E+00],[7.49159E-01],[4.78719E-01],[5.35057E-01],[5.17509E-01],[3.82004E-01],[2.86841E-01],[2.12810E-01],[1.53315E-01],[1.05012E-01],[9.30118E-02],[5.79515E-02],[4.17561E-02],[2.58279E-02],[2.01417E-02],[1.88053E-02],[1.31226E-02],[1.03791E-02],[7.34904E-03],[5.01535E-03],[5.14597E-03],[3.00198E-03]]
  }
}
