{
  "seed":-1247586744,
  "pop":5000,
  "Source_batches":10,
  "Time_increment":1.00000E-07,
  "Time_bins":100,
  "Total_CPU_Time":7.07826E+01,
  "Transport_time":4.41806E+00,
  "batchSize":1,
  "flux_time":{
    "multiMapOrder":["Cell","Time"],
    "CellBins":[["1"],["2"],["3"]],
    "TimeBounds":[[0.00000E+00,1.00000E-07],[1.00000E-07,2.00000E-07],[2.00000E-07,3.00000E-07],[3.00000E-07,4.00000E-07],[4.00000E-07,5.00000E-07],[5.00000E-07,6.00000E-07],[6.00000E-07,7.00000E-07],[7.00000E-07,8.00000E-07],[8.00000E-07,9.00000E-07],[9.00000E-07,1.00000E-06],[1.00000E-06,1.10000E-06],[1.10000E-06,1.20000E-06],[1.20000E-06,1.30000E-06],[1.30000E-06,1.40000E-06],[1.40000E-06,1.50000E-06],[1.50000E-06,1.60000E-06],[1.60000E-06,1.70000E-06],[1.70000E-06,1.80000E-06],[1.80000E-06,1.90000E-06],[1.90000E-06,2.00000E-06],[2.00000E-06,2.10000E-06],[2.10000E-06,2.20000E-06],[2.20000E-06,2.30000E-06],[2.30000E-06,2.40000E-06],[2.40000E-06,2.50000E-06],[2.50000E-06,2.60000E-06],[2.60000E-06,2.70000E-06],[2.70000E-06,2.80000E-06],[2.80000E-06,2.90000E-06],[2.90000E-06,3.00000E-06],[3.00000E-06,3.10000E-06],[3.10000E-06,3.20000E-06],[3.20000E-06,3.30000E-06],[3.30000E-06,3.40000E-06],[3.40000E-06,3.50000E-06],[3.50000E-06,3.60000E-06],[3.60000E-06,3.70000E-06],[3.70000E-06,3.80000E-06],[3.80000E-06,3.90000E-06],[3.90000E-06,4.00000E-06],[4.00000E-06,4.10000E-06],[4.10000E-06,4.20000E-06],[4.20000E-06,4.30000E-06],[4.30000E-06,4.40000E-06],[4.40000E-06,4.50000E-06],[4.50000E-06,4.60000E-06],[4.60000E-06,4.70000E-06],[4.70000E-06,4.80000E-06],[4.80000E-06,4.90000E-06],[4.90000E-06,5.00000E-06],[5.00000E-06,5.10000E-06],[5.10000E-06,5.20000E-06],[5.20000E-06,5.30000E-06],[5.30000E-06,5.40000E-06],[5.40000E-06,5.50000E-06],[5.50000E-06,5.60000E-06],[5.60000E-06,5.70000E-06],[5.70000E-06,5.80000E-06],[5.80000E-06,5.90000E-06],[5.90000E-06,6.00000E-06],[6.00000E-06,6.10000E-06],[6.10000E-06,6.20000E-06],[6.20000E-06,6.30000E-06],[6.30000E-06,6.40000E-06],[6.40000E-06,6.50000E-06],[6.50000E-06,6.60000E-06],[6.60000E-06,6.70000E-06],[6.70000E-06,6.80000E-06],[6.80000E-06,6.90000E-06],[6.90000E-06,7.00000E-06],[7.00000E-06,7.10000E-06],[7.10000E-06,7.20000E-06],[7.20000E-06,7.30000E-06],[7.30000E-06,7.40000E-06],[7.40000E-06,7.50000E-06],[7.50000E-06,7.60000E-06],[7.60000E-06,7.70000E-06],[7.70000E-06,7.80000E-06],[7.80000E-06,7.90000E-06],[7.90000E-06,8.00000E-06],[8.00000E-06,8.10000E-06],[8.10000E-06,8.20000E-06],[8.20000E-06,8.30000E-06],[8.30000E-06,8.40000E-06],[8.40000E-06,8.50000E-06],[8.50000E-06,8.60000E-06],[8.60000E-06,8.70000E-06],[8.70000E-06,8.80000E-06],[8.80000E-06,8.90000E-06],[8.90000E-06,9.00000E-06],[9.00000E-06,9.10000E-06],[9.10000E-06,9.20000E-06],[9.20000E-06,9.30000E-06],[9.30000E-06,9.40000E-06],[9.40000E-06,9.50000E-06],[9.50000E-06,9.60000E-06],[9.60000E-06,9.70000E-06],[9.70000E-06,9.80000E-06],[9.80000E-06,9.90000E-06],[9.90000E-06,1.00000E-05]],
    "Res":[[[[1.79112E+04,3.41316E+01]],[[4.63646E+00,1.10774E+00]],[[5.06142E+00,1.08235E+00]]],[[[5.33090E+03,1.91794E+01]],[[2.06473E+01,1.92912E+00]],[[2.24579E+01,3.08189E+00]]],[[[3.12075E+03,2.04583E+01]],[[1.12329E+01,1.15178E+00]],[[1.36838E+01,1.44965E+00]]],[[[2.21974E+03,1.66861E+01]],[[7.38271E+00,5.23319E-01]],[[1.00987E+01,6.61281E-01]]],[[[1.73264E+03,1.24537E+01]],[[5.12489E+00,4.24894E-01]],[[7.06457E+00,6.06123E-01]]],[[[1.40562E+03,9.00469E+00]],[[3.70308E+00,3.26067E-01]],[[4.69010E+00,3.39291E-01]]],[[[1.17454E+03,8.64909E+00]],[[3.20525E+00,2.79830E-01]],[[3.85141E+00,3.15795E-01]]],[[[1.00606E+03,1.13303E+01]],[[2.42831E+00,2.64195E-01]],[[3.04675E+00,3.25823E-01]]],[[[8.95652E+02,8.69515E+00]],[[2.04618E+00,1.78210E-01]],[[2.67873E+00,2.06052E-01]]],[[[8.01613E+02,9.85116E+00]],[[1.99174E+00,2.43519E-01]],[[2.29099E+00,1.69576E-01]]],[[[7.24485E+02,1.04222E+01]],[[1.48542E+00,1.49285E-01]],[[2.17575E+00,1.76061E-01]]],[[[6.50152E+02,4.87653E+00]],[[1.56589E+00,1.27224E-01]],[[2.03138E+00,2.01044E-01]]],[[[5.96312E+02,8.40395E+00]],[[1.39069E+00,1.32948E-01]],[[1.57950E+00,1.25796E-01]]],[[[5.52858E+02,6.72294E+00]],[[1.21852E+00,8.76947E-02]],[[1.51513E+00,1.25298E-01]]],[[[5.18415E+02,5.91344E+00]],[[1.16034E+00,8.94648E-02]],[[1.31043E+00,1.19840E-01]]],[[[4.88603E+02,8.53797E+00]],[[1.13555E+00,8.48757E-02]],[[1.21602E+00,1.14685E-01]]],[[[4.51431E+02,6.97528E+00]],[[1.01037E+00,7.27625E-02]],[[1.16130E+00,8.38780E-02]]],[[[4.18327E+02,5.68089E+00]],[[9.26477E-01,1.08610E-01]],[[1.16841E+00,1.45767E-01]]],[[[4.08052E+02,7.59944E+00]],[[9.30246E-01,1.08727E-01]],[[9.92574E-01,1.47626E-01]]],[[[3.80999E+02,6.47012E+00]],[[7.52194E-01,6.85760E-02]],[[1.03935E+00,1.09284E-01]]],[[[3.66047E+02,5.22945E+00]],[[6.52108E-01,5.88081E-02]],[[1.05927E+00,1.13638E-01]]],[[[3.50696E+02,3.75722E+00]],[[7.72229E-01,9.84284E-02]],[[8.51970E-01,6.28968E-02]]],[[[3.31851E+02,4.84936E+00]],[[7.21823E-01,4.95724E-02]],[[8.29370E-01,1.00427E-01]]],[[[3.22906E+02,5.21301E+00]],[[7.06707E-01,5.60793E-02]],[[7.45265E-01,6.79138E-02]]],[[[3.08746E+02,3.09873E+00]],[[6.77328E-01,4.19806E-02]],[[7.69178E-01,6.45107E-02]]],[[[3.00691E+02,4.96292E+00]],[[5.97722E-01,7.15477E-02]],[[7.50190E-01,6.75879E-02]]],[[[2.84348E+02,4.44805E+00]],[[5.23751E-01,4.64709E-02]],[[7.67397E-01,9.14036E-02]]],[[[2.75366E+02,2.24265E+00]],[[6.60069E-01,7.30810E-02]],[[6.10325E-01,7.20971E-02]]],[[[2.72293E+02,3.76114E+00]],[[6.24280E-01,5.66700E-02]],[[7.04717E-01,5.96184E-02]]],[[[2.55928E+02,4.58645E+00]],[[5.11689E-01,5.56558E-02]],[[6.49163E-01,6.53337E-02]]],[[[2.50637E+02,4.37246E+00]],[[6.15513E-01,3.56504E-02]],[[6.14801E-01,6.93208E-02]]],[[[2.45644E+02,5.62436E+00]],[[5.19903E-01,6.08945E-02]],[[6.19404E-01,6.17541E-02]]],[[[2.36173E+02,3.21811E+00]],[[4.38881E-01,3.59228E-02]],[[4.98220E-01,6.00810E-02]]],[[[2.33685E+02,4.98628E+00]],[[4.23095E-01,5.10356E-02]],[[4.69316E-01,7.22646E-02]]],[[[2.25079E+02,3.89660E+00]],[[4.42700E-01,5.59882E-02]],[[5.22833E-01,7.92092E-02]]],[[[2.16244E+02,2.37128E+00]],[[4.56787E-01,4.85732E-02]],[[4.82127E-01,6.50724E-02]]],[[[2.13307E+02,3.53963E+00]],[[5.00184E-01,6.65790E-02]],[[4.76427E-01,6.71901E-02]]],[[[2.15154E+02,4.35229E+00]],[[4.33918E-01,5.80432E-02]],[[4.39653E-01,5.12969E-02]]],[[[2.04315E+02,3.52884E+00]],[[4.21282E-01,5.27522E-02]],[[4.49607E-01,6.13697E-02]]],[[[1.97158E+02,3.52294E+00]],[[4.55965E-01,4.29393E-02]],[[5.20548E-01,6.72146E-02]]],[[[2.02165E+02,4.67020E+00]],[[3.83172E-01,5.04164E-02]],[[4.79939E-01,6.29250E-02]]],[[[1.90711E+02,3.94476E+00]],[[3.83853E-01,4.41238E-02]],[[4.85137E-01,4.40757E-02]]],[[[1.89242E+02,3.37276E+00]],[[3.52238E-01,3.88100E-02]],[[3.84611E-01,2.30916E-02]]],[[[1.84520E+02,2.90645E+00]],[[4.67172E-01,5.90549E-02]],[[4.72957E-01,6.28089E-02]]],[[[1.78589E+02,3.58481E+00]],[[3.63000E-01,4.73006E-02]],[[4.41612E-01,2.99504E-02]]],[[[1.80224E+02,3.55955E+00]],[[3.28417E-01,2.55362E-02]],[[3.69534E-01,5.55006E-02]]],[[[1.73966E+02,2.73238E+00]],[[4.19442E-01,6.07508E-02]],[[3.36512E-01,3.99469E-02]]],[[[1.71562E+02,2.08059E+00]],[[3.21909E-01,3.75408E-02]],[[4.01023E-01,8.20344E-02]]],[[[1.68731E+02,3.10314E+00]],[[3.59697E-01,4.62924E-02]],[[4.14283E-01,4.76628E-02]]],[[[1.65050E+02,4.13540E+00]],[[3.18501E-01,4.02309E-02]],[[4.26549E-01,4.14938E-02]]],[[[1.65008E+02,4.90738E+00]],[[3.72599E-01,6.03669E-02]],[[3.51701E-01,3.96810E-02]]],[[[1.58315E+02,3.66381E+00]],[[3.47035E-01,5.34750E-02]],[[2.83578E-01,3.41637E-02]]],[[[1.59057E+02,3.73729E+00]],[[3.05031E-01,2.74024E-02]],[[2.97778E-01,2.63422E-02]]],[[[1.58677E+02,3.76735E+00]],[[4.23721E-01,3.05925E-02]],[[3.32201E-01,4.49020E-02]]],[[[1.53783E+02,3.55588E+00]],[[2.99129E-01,2.70038E-02]],[[3.49676E-01,4.84367E-02]]],[[[1.52845E+02,4.38662E+00]],[[2.69470E-01,2.78413E-02]],[[3.29509E-01,4.97614E-02]]],[[[1.53093E+02,2.92643E+00]],[[3.10070E-01,4.38403E-02]],[[3.76357E-01,5.36208E-02]]],[[[1.49162E+02,2.45532E+00]],[[3.82949E-01,4.90572E-02]],[[3.37928E-01,2.98550E-02]]],[[[1.42564E+02,3.12547E+00]],[[2.69688E-01,3.33574E-02]],[[3.14340E-01,5.10925E-02]]],