{
  "seed":-1876327099,
  "pop":5000,
  "Source_batches":10,
  "Time_increment":1.00000E-07,
  "Time_bins":100,
  "Total_CPU_Time":8.65354E+01,
  "Transport_time":5.39633E+00,
  "batchSize":1,
  "flux_time":{
    "multiMapOrder":["Cell","Time"],
    "CellBins":[["1"],["2"]],
    "TimeBounds":[[0.00000E+00,1.00000E-07],[1.00000E-07,2.00000E-07],[2.00000E-07,3.00000E-07],[3.00000E-07,4.00000E-07],[4.00000E-07,5.00000E-07],[5.00000E-07,6.00000E-07],[6.00000E-07,7.00000E-07],[7.00000E-07,8.00000E-07],[8.00000E-07,9.00000E-07],[9.00000E-07,1.00000E-06],[1.00000E-06,1.10000E-06],[1.10000E-06,1.20000E-06],[1.20000E-06,1.30000E-06],[1.30000E-06,1.40000E-06],[1.40000E-06,1.50000E-06],[1.50000E-06,1.60000E-06],[1.60000E-06,1.70000E-06],[1.70000E-06,1.80000E-06],[1.80000E-06,1.90000E-06],[1.90000E-06,2.00000E-06],[2.00000E-06,2.10000E-06],[2.10000E-06,2.20000E-06],[2.20000E-06,2.30000E-06],[2.30000E-06,2.40000E-06],[2.40000E-06,2.50000E-06],[2.50000E-06,2.60000E-06],[2.60000E-06,2.70000E-06],[2.70000E-06,2.80000E-06],[2.80000E-06,2.90000E-06],[2.90000E-06,3.00000E-06],[3.00000E-06,3.10000E-06],[3.10000E-06,3.20000E-06],[3.20000E-06,3.30000E-06],[3.30000E-06,3.40000E-06],[3.40000E-06,3.50000E-06],[3.50000E-06,3.60000E-06],[3.60000E-06,3.70000E-06],[3.70000E-06,3.80000E-06],[3.80000E-06,3.90000E-06],[3.90000E-06,4.00000E-06],[4.00000E-06,4.10000E-06],[4.10000E-06,4.20000E-06],[4.20000E-06,4.30000E-06],[4.30000E-06,4.40000E-06],[4.40000E-06,4.50000E-06],[4.50000E-06,4.60000E-06],[4.60000E-06,4.70000E-06],[4.70000E-06,4.80000E-06],[4.80000E-06,4.90000E-06],[4.90000E-06,5.00000E-06],[5.00000E-06,5.10000E-06],[5.10000E-06,5.20000E-06],[5.20000E-06,5.30000E-06],[5.30000E-06,5.40000E-06],[5.40000E-06,5.50000E-06],[5.50000E-06,5.60000E-06],[5.60000E-06,5.70000E-06],[5.70000E-06,5.80000E-06],[5.80000E-06,5.90000E-06],[5.90000E-06,6.00000E-06],[6.00000E-06,6.10000E-06],[6.10000E-06,6.20000E-06],[6.20000E-06,6.30000E-06],[6.30000E-06,6.40000E-06],[6.40000E-06,6.50000E-06],[6.50000E-06,6.60000E-06],[6.60000E-06,6.70000E-06],[6.70000E-06,6.80000E-06],[6.80000E-06,6.90000E-06],[6.90000E-06,7.00000E-06],[7.00000E-06,7.10000E-06],[7.10000E-06,7.20000E-06],[7.20000E-06,7.30000E-06],[7.30000E-06,7.40000E-06],[7.40000E-06,7.50000E-06],[7.50000E-06,7.60000E-06],[7.60000E-06,7.70000E-06],[7.70000E-06,7.80000E-06],[7.80000E-06,7.90000E-06],[7.90000E-06,8.00000E-06],[8.00000E-06,8.10000E-06],[8.10000E-06,8.20000E-06],[8.20000E-06,8.30000E-06],[8.30000E-06,8.40000E-06],[8.40000E-06,8.50000E-06],[8.50000E-06,8.60000E-06],[8.60000E-06,8.70000E-06],[8.70000E-06,8.80000E-06],[8.80000E-06,8.90000E-06],[8.90000E-06,9.00000E-06],[9.00000E-06,9.10000E-06],[9.10000E-06,9.20000E-06],[9.20000E-06,9.30000E-06],[9.30000E-06,9.40000E-06],[9.40000E-06,9.50000E-06],[9.50000E-06,9.60000E-06],[9.60000E-06,9.70000E-06],[9.70000E-06,9.80000E-06],[9.80000E-06,9.90000E-06],[9.90000E-06,1.00000E-05]],
    "Res":[[[[1.79558E+04,2.64079E+01]],[[9.00793E+00,1.12356E+00]]],[[[5.32678E+03,2.65763E+01]],[[3.70100E+01,2.16116E+00]]],[[[3.14485E+03,1.51592E+01]],[[2.39021E+01,1.83028E+00]]],[[[2.21148E+03,1.76772E+01]],[[1.58278E+01,1.41040E+00]]],[[[1.69056E+03,1.56647E+01]],[[1.12051E+01,7.52383E-01]]],[[[1.38466E+03,1.09469E+01]],[[8.16797E+00,5.39516E-01]]],[[[1.16119E+03,4.90284E+00]],[[6.19691E+00,3.64795E-01]]],[[[1.01335E+03,8.61643E+00]],[[5.54999E+00,4.31694E-01]]],[[[8.83154E+02,5.76832E+00]],[[4.47648E+00,2.35195E-01]]],[[[7.90315E+02,7.58287E+00]],[[3.89611E+00,2.77695E-01]]],[[[7.26066E+02,5.91458E+00]],[[3.11157E+00,1.39804E-01]]],[[[6.48464E+02,5.66624E+00]],[[2.77651E+00,1.75975E-01]]],[[[6.06277E+02,3.96226E+00]],[[2.72720E+00,1.19054E-01]]],[[[5.52649E+02,4.99865E+00]],[[2.40250E+00,1.23595E-01]]],[[[5.16065E+02,2.89103E+00]],[[2.04104E+00,1.41450E-01]]],[[[4.88733E+02,7.15129E+00]],[[2.18501E+00,1.45059E-01]]],[[[4.54548E+02,6.93078E+00]],[[1.77896E+00,9.10120E-02]]],[[[4.23045E+02,3.89358E+00]],[[1.73375E+00,1.06499E-01]]],[[[4.00539E+02,4.87585E+00]],[[1.65476E+00,9.24212E-02]]],[[[3.87572E+02,5.37479E+00]],[[1.60683E+00,1.64964E-01]]],[[[3.71185E+02,4.43561E+00]],[[1.54095E+00,1.46812E-01]]],[[[3.57618E+02,4.85861E+00]],[[1.29042E+00,9.23253E-02]]],[[[3.38511E+02,7.15253E+00]],[[1.27310E+00,6.39719E-02]]],[[[3.22199E+02,4.31954E+00]],[[1.22689E+00,1.07196E-01]]],[[[3.12902E+02,5.62937E+00]],[[1.18992E+00,1.05882E-01]]],[[[3.05039E+02,4.74580E+00]],[[1.09930E+00,9.10616E-02]]],[[[2.87551E+02,7.39363E+00]],[[1.08738E+00,7.25942E-02]]],[[[2.81925E+02,3.40974E+00]],[[1.05211E+00,5.88257E-02]]],[[[2.65647E+02,3.85721E+00]],[[9.49333E-01,5.82566E-02]]],[[[2.58610E+02,4.29171E+00]],[[8.76547E-01,6.46452E-02]]],[[[2.50193E+02,2.98103E+00]],[[1.02438E+00,6.70591E-02]]],[[[2.46919E+02,3.13262E+00]],[[9.37944E-01,4.69082E-02]]],[[[2.36904E+02,5.13672E+00]],[[9.37289E-01,8.79705E-02]]],[[[2.41771E+02,3.40061E+00]],[[7.58896E-01,6.60390E-02]]],[[[2.25418E+02,4.88866E+00]],[[8.12361E-01,9.60813E-02]]],[[[2.20073E+02,3.73502E+00]],[[7.82752E-01,5.09606E-02]]],[[[2.15932E+02,3.65709E+00]],[[8.29561E-01,9.52435E-02]]],[[[2.10247E+02,2.35626E+00]],[[6.82002E-01,7.08696E-02]]],[[[2.13203E+02,3.05854E+00]],[[6.37553E-01,4.18373E-02]]],[[[2.06583E+02,2.35414E+00]],[[7.11230E-01,4.83514E-02]]],[[[1.95005E+02,4.38652E+00]],[[6.63267E-01,3.44404E-02]]],[[[1.88959E+02,2.95494E+00]],[[5.81171E-01,6.31986E-02]]],[[[1.89723E+02,3.62729E+00]],[[5.99562E-01,6.36791E-02]]],[[[1.87805E+02,3.52998E+00]],[[7.72829E-01,7.88148E-02]]],[[[1.87937E+02,4.53106E+00]],[[6.64734E-01,4.53991E-02]]],[[[1.85393E+02,2.30047E+00]],[[6.41438E-01,4.23396E-02]]],[[[1.83027E+02,2.85393E+00]],[[4.85584E-01,5.10332E-02]]],[[[1.77527E+02,4.48393E+00]],[[6.73122E-01,4.64196E-02]]],[[[1.81017E+02,1.95404E+00]],[[5.61363E-01,5.61801E-02]]],[[[1.66840E+02,3.13673E+00]],[[5.08162E-01,5.14338E-02]]],[[[1.67971E+02,2.08078E+00]],[[6.30357E-01,3.94276E-02]]],[[[1.66229E+02,4.19818E+00]],[[5.07178E-01,5.35676E-02]]],[[[1.61381E+02,3.42460E+00]],[[5.65728E-01,5.56515E-02]]],[[[1.64084E+02,3.13589E+00]],[[5.20432E-01,5.34930E-02]]],[[[1.58426E+02,3.11286E+00]],[[6.02567E-01,4.49245E-02]]],[[[1.54216E+02,2.50625E+00]],[[6.14260E-01,5.01447E-02]]],[[[1.53682E+02,4.27847E+00]],[[5.71067E-01,5.73181E-02]]],[[[1.52989E+02,3.70565E+00]],[[5.12057E-01,4.74106E-02]]],[[[1.54225E+02,2.34463E+00]],[[5.19765E-01,3.39973E-02]]],[[[1.44532E+02,3.30014E+00]],[[4.89878E-01,3.21429E-02]]],[[[1.45129E+02,3.25542E+00]],[[5.26012E-01,4.65329E-02]]],[[[1.43329E+02,2.83929E+00]],[[5.33756E-01,6.70033E-02]]],[[[1.40894E+02,2.54494E+00]],[[5.29955E-01,5.63045E-02]]],[[[1.44356E+02,2.20900E+00]],[[5.07990E-01,4.58938E-02]]],[[[1.34747E+02,1.62555E+00]],[[5.06152E-01,6.41304E-02]]],[[[1.44933E+02,3.85863E+00]],[[5.78374E-01,5.36915E-02]]],[[[1.37511E+02,3.45358E+00]],[[4.45652E-01,3.65055E-02]]],[[[1.36285E+02,2.71160E+00]],[[4.28605E-01,3.97087E-02]]],[[[1.33367E+02,2.35366E+00]],[[4.25046E-01,3.54101E-02]]],[[[1.29776E+02,2.26523E+00]],[[4.09233E-01,3.90169E-02]]],[[[1.39823E+02,2.14344E+00]],[[4.23800E-01,4.75379E-02]]],[[[1.36340E+02,2.73423E+00]],[[3.86619E-01,2.98795E-02]]],[[[1.30586E+02,2.31550E+00]],[[3.66407E-01,3.20013E-02]]],[[[1.33350E+02,2.56979E+00]],[[4.46527E-01,6.11276E-02]]],[[[1.28458E+02,2.19131E+00]],[[4.50505E-01,4.81332E-02]]],[[[1.29002E+02,2.42141E+00]],[[3.79168E-01,3.60343E-02]]],[[[1.23828E+02,2.82735E+00]],[[5.19634E-01,5.58368E-02]]],[[[1.21781E+02,2.81087E+00]],[[4.75233E-01,4.37455E-02]]],[[[1.26666E+02,3.31967E+00]],[[3.99459E-01,5.22405E-02]]],[[[1.24584E+02,3.34701E+00]],[[4.64457E-01,5.26868E-02]]],[[[1.21772E+02,2.22975E+00]],[[4.47398E-01,3.87294E-02]]],[[[1.21840E+02,3.10437E+00]],[[3.90686E-01,3.77052E-02]]],[[[1.20629E+02,2.42934E+00]],[[3.90802E-01,4.64299E-02]]],[[[1.16635E+02,2.20538E+00]],[[4.54458E-01,5.59927E-02]]],[[[1.24729E+02,2.46006E+00]],[[3.89464E-01,5.09710E-02]]],[[[1.20882E+02,2.56654E+00]],[[4.67016E-01,5.91168E-02]]],[[[1.22843E+02,2.19712E+00]],[[4.00959E-01,4.68245E-02]]],[[[1.16207E+02,2.66734E+00]],[[3.73835E-01,