{
  "seed":-1907244269,
  "pop":5000,
  "Source_batches":10,
  "Time_increment":1.00000E-07,
  "Time_bins":100,
  "Total_CPU_Time":1.84891E+01,
  "Transport_time":3.61855E+00,
  "batchSize":1,
  "flux_time":{
    "multiMapOrder":["Cell","Time"],
    "CellBins":[["1"],["2"],["3"]],
    "TimeBounds":[[0.00000E+00,1.00000E-07],[1.00000E-07,2.00000E-07],[2.00000E-07,3.00000E-07],[3.00000E-07,4.00000E-07],[4.00000E-07,5.00000E-07],[5.00000E-07,6.00000E-07],[6.00000E-07,7.00000E-07],[7.00000E-07,8.00000E-07],[8.00000E-07,9.00000E-07],[9.00000E-07,1.00000E-06],[1.00000E-06,1.10000E-06],[1.10000E-06,1.20000E-06],[1.20000E-06,1.30000E-06],[1.30000E-06,1.40000E-06],[1.40000E-06,1.50000E-06],[1.50000E-06,1.60000E-06],[1.60000E-06,1.70000E-06],[1.70000E-06,1.80000E-06],[1.80000E-06,1.90000E-06],[1.90000E-06,2.00000E-06],[2.00000E-06,2.10000E-06],[2.10000E-06,2.20000E-06],[2.20000E-06,2.30000E-06],[2.30000E-06,2.40000E-06],[2.40000E-06,2.50000E-06],[2.50000E-06,2.60000E-06],[2.60000E-06,2.70000E-06],[2.70000E-06,2.80000E-06],[2.80000E-06,2.90000E-06],[2.90000E-06,3.00000E-06],[3.00000E-06,3.10000E-06],[3.10000E-06,3.20000E-06],[3.20000E-06,3.30000E-06],[3.30000E-06,3.40000E-06],[3.40000E-06,3.50000E-06],[3.50000E-06,3.60000E-06],[3.60000E-06,3.70000E-06],[3.70000E-06,3.80000E-06],[3.80000E-06,3.90000E-06],[3.90000E-06,4.00000E-06],[4.00000E-06,4.10000E-06],[4.10000E-06,4.20000E-06],[4.20000E-06,4.30000E-06],[4.30000E-06,4.40000E-06],[4.40000E-06,4.50000E-06],[4.50000E-06,4.60000E-06],[4.60000E-06,4.70000E-06],[4.70000E-06,4.80000E-06],[4.80000E-06,4.90000E-06],[4.90000E-06,5.00000E-06],[5.00000E-06,5.10000E-06],[5.10000E-06,5.20000E-06],[5.20000E-06,5.30000E-06],[5.30000E-06,5.40000E-06],[5.40000E-06,5.50000E-06],[5.50000E-06,5.60000E-06],[5.60000E-06,5.70000E-06],[5.70000E-06,5.80000E-06],[5.80000E-06,5.90000E-06],[5.90000E-06,6.00000E-06],[6.00000E-06,6.10000E-06],[6.10000E-06,6.20000E-06],[6.20000E-06,6.30000E-06],[6.30000E-06,6.40000E-06],[6.40000E-06,6.50000E-06],[6.50000E-06,6.60000E-06],[6.60000E-06,6.70000E-06],[6.70000E-06,6.80000E-06],[6.80000E-06,6.90000E-06],[6.90000E-06,7.00000E-06],[7.00000E-06,7.10000E-06],[7.10000E-06,7.20000E-06],[7.20000E-06,7.30000E-06],[7.30000E-06,7.40000E-06],[7.40000E-06,7.50000E-06],[7.50000E-06,7.60000E-06],[7.60000E-06,7.70000E-06],[7.70000E-06,7.80000E-06],[7.80000E-06,7.90000E-06],[7.90000E-06,8.00000E-06],[8.00000E-06,8.10000E-06],[8.10000E-06,8.20000E-06],[8.20000E-06,8.30000E-06],[8.30000E-06,8.40000E-06],[8.40000E-06,8.50000E-06],[8.50000E-06,8.60000E-06],[8.60000E-06,8.70000E-06],[8.70000E-06,8.80000E-06],[8.80000E-06,8.90000E-06],[8.90000E-06,9.00000E-06],[9.00000E-06,9.10000E-06],[9.10000E-06,9.20000E-06],[9.20000E-06,9.30000E-06],[9.30000E-06,9.40000E-06],[9.40000E-06,9.50000E-06],[9.50000E-06,9.60000E-06],[9.60000E-06,9.70000E-06],[9.70000E-06,9.80000E-06],[9.80000E-06,9.90000E-06],[9.90000E-06,1.00000E-05]],
    "Res":[[[[1.79716E+04,4.20376E+01]],[[4.97951E+00,1.07794E+00]],[[3.17644E+00,7.34286E-01]]],[[[5.34396E+03,2.17232E+01]],[[1.73621E+01,1.86113E+00]],[[1.74501E+01,2.72553E+00]]],[[[3.13043E+03,1.40896E+01]],[[1.29272E+01,1.53960E+00]],[[1.26442E+01,1.73564E+00]]],[[[2.22290E+03,1.24453E+01]],[[7.42465E+00,1.00669E+00]],[[7.90310E+00,1.26076E+00]]],[[[1.69445E+03,1.54882E+01]],[[4.85282E+00,7.54292E-01]],[[5.47620E+00,6.80802E-01]]],[[[1.38392E+03,6.22084E+00]],[[3.66889E+00,3.86284E-01]],[[4.27252E+00,5.30385E-01]]],[[[1.18388E+03,1.18153E+01]],[[2.95419E+00,3.71613E-01]],[[3.20696E+00,3.73900E-01]]],[[[1.01791E+03,1.15006E+01]],[[2.46493E+00,3.08406E-01]],[[2.95156E+00,2.75273E-01]]],[[[9.03707E+02,5.02056E+00]],[[2.09623E+00,2.34956E-01]],[[2.52345E+00,3.26028E-01]]],[[[8.08327E+02,7.34368E+00]],[[1.71133E+00,2.00179E-01]],[[2.00797E+00,2.62588E-01]]],[[[7.29346E+02,8.74453E+00]],[[1.61755E+00,1.90854E-01]],[[1.61712E+00,2.18165E-01]]],[[[6.56639E+02,8.55181E+00]],[[1.39284E+00,1.49439E-01]],[[1.60958E+00,1.60719E-01]]],[[[6.03892E+02,9.38460E+00]],[[1.19724E+00,1.19998E-01]],[[1.41058E+00,1.59285E-01]]],[[[5.60898E+02,4.27979E+00]],[[1.21276E+00,1.17692E-01]],[[1.24924E+00,1.73122E-01]]],[[[5.25886E+02,3.85859E+00]],[[1.31112E+00,1.22545E-01]],[[1.11975E+00,1.47321E-01]]],[[[4.87043E+02,8.11700E+00]],[[8.84429E-01,9.36503E-02]],[[1.13571E+00,1.22820E-01]]],[[[4.61932E+02,5.12774E+00]],[[9.35463E-01,8.76086E-02]],[[9.91589E-01,1.40239E-01]]],[[[4.37733E+02,6.82642E+00]],[[9.45341E-01,9.42075E-02]],[[1.03781E+00,8.60515E-02]]],[[[4.06127E+02,6.02057E+00]],[[8.58999E-01,9.59075E-02]],[[9.68334E-01,1.07600E-01]]],[[[3.92551E+02,6.07409E+00]],[[8.25893E-01,8.52442E-02]],[[9.19977E-01,1.02187E-01]]],[[[3.70280E+02,4.84670E+00]],[[7.51270E-01,8.20160E-02]],[[8.63415E-01,1.05860E-01]]],[[[3.53346E+02,3.64986E+00]],[[7.18019E-01,8.92145E-02]],[[7.36194E-01,1.04115E-01]]],[[[3.41996E+02,4.88658E+00]],[[8.12783E-01,9.87852E-02]],[[6.96171E-01,9.83075E-02]]],[[[3.16167E+02,6.10014E+00]],[[5.48343E-01,6.91837E-02]],[[6.82007E-01,6.37575E-02]]],[[[3.18429E+02,4.97926E+00]],[[5.95019E-01,8.39149E-02]],[[6.99165E-01,8.85986E-02]]],[[[2.97879E+02,6.52915E+00]],[[5.42145E-01,5.24858E-02]],[[5.79191E-01,6.50313E-02]]],[[[2.76316E+02,3.45722E+00]],[[5.54761E-01,7.66016E-02]],[[6.33201E-01,8.84440E-02]]],[[[2.80108E+02,3.18137E+00]],[[5.59166E-01,5.50950E-02]],[[5.43883E-01,4.21883E-02]]],[[[2.61067E+02,6.14215E+00]],[[5.08739E-01,5.82402E-02]],[[5.89743E-01,7.13567E-02]]],[[[2.58271E+02,3.50086E+00]],[[5.36760E-01,7.45490E-02]],[[5.53136E-01,6.38991E-02]]],[[[2.55141E+02,4.81672E+00]],[[5.49298E-01,5.15050E-02]],[[5.07389E-01,6.48847E-02]]],[[[2.41766E+02,7.52959E+00]],[[5.06914E-01,6.07163E-02]],[[4.97191E-01,6.64853E-02]]],[[[2.41384E+02,5.70914E+00]],[[4.81858E-01,6.68125E-02]],[[5.16029E-01,6.22963E-02]]],[[[2.31233E+02,5.78207E+00]],[[4.18743E-01,5.01458E-02]],[[4.41659E-01,5.08096E-02]]],[[[2.27451E+02,3.11537E+00]],[[3.67489E-01,3.91618E-02]],[[4.18250E-01,5.05474E-02]]],[[[2.18929E+02,4.71474E+00]],[[4.44011E-01,6.43823E-02]],[[5.00425E-01,5.74439E-02]]],[[[2.14244E+02,2.02898E+00]],[[4.17303E-01,4.28477E-02]],[[4.29788E-01,3.66353E-02]]],[[[2.16552E+02,2.58577E+00]],[[4.50254E-01,4.56096E-02]],[[4.78768E-01,5.57501E-02]]],[[[2.09797E+02,6.95129E+00]],[[4.71380E-01,6.96308E-02]],[[4.22973E-01,4.05722E-02]]],[[[2.00936E+02,4.23161E+00]],[[3.94629E-01,5.34571E-02]],[[4.26283E-01,4.17384E-02]]],[[[1.99898E+02,5.48550E+00]],[[3.94811E-01,4.34178E-02]],[[3.72620E-01,3.55944E-02]]],[[[1.93129E+02,4.54178E+00]],[[3.60612E-01,4.17380E-02]],[[3.86444E-01,3.39814E-02]]],[[[1.95778E+02,3.73888E+00]],[[3.68205E-01,3.36589E-02]],[[4.05299E-01,5.14805E-02]]],[[[1.89021E+02,4.46866E+00]],[[3.42079E-01,4.42333E-02]],[[3.50524E-01,3.62353E-02]]],[[[1.85415E+02,3.92981E+00]],[[3.43087E-01,3.14519E-02]],[[3.69619E-01,3.86090E-02]]],[[[1.83308E+02,3.74530E+00]],[[3.63498E-01,3.59744E-02]],[[3.42767E-01,2.89244E-02]]],[[[1.72170E+02,3.15228E+00]],[[3.50894E-01,3.71817E-02]],[[3.51265E-01,3.19511E-02]]],[[[1.70397E+02,2.84023E+00]],[[2.94690E-01,3.29107E-02]],[[3.81353E-01,4.64404E-02]]],[[[1.67588E+02,4.43601E+00]],[[3.58230E-01,4.20845E-02]],[[3.16367E-01,2.45741E-02]]],[[[1.75092E+02,4.66079E+00]],[[3.27808E-01,4.27435E-02]],[[3.25923E-01,2.89071E-02]]],[[[1.68240E+02,3.06604E+00]],[[3.21223E-01,3.67609E-02]],[[3.30056E-01,3.30007E-02]]],[[[1.68439E+02,3.09324E+00]],[[3.03616E-01,3.28401E-02]],[[3.36603E-01,3.35069E-02]]],[[[1.63310E+02,3.97306E+00]],[[3.17586E-01,3.37756E-02]],[[3.38281E-01,3.27745E-02]]],[[[1.56234E+02,3.75763E+00]],[[3.14302E-01,4.34504E-02]],[[3.22498E-01,2.64632E-02]]],[[[1.59095E+02,3.61609E+00]],[[2.85515E-01,2.14915E-02]],[[3.32168E-01,3.28026E-02]]],[[[1.56166E+02,3.90370E+00]],[[2.79120E-01,3.36656E-02]],[[2.83793E-01,2.36793E-02]]],[[[1.54256E+02,4.08482E+00]],[[3.00286E-01,2.93279E-02]],[[2.97363E-01,1.67381E-02]]],[[[1.50057E+02,3.73974E+00]],[[2.88210E-01,3.28574E-02]],[[2.88434E-01,1.86861E-02]]],[[[1.45760E+02,2.23772E+00]],[[2.77543E-01,2.64818E-02]],[[3.08255E-01,2.70306E-02]]],