{
  "seed":871858067,
  "pop":5000,
  "Source_batches":10,
  "Time_increment":1.00000E-07,
  "Time_bins":100,
  "Total_CPU_Time":1.41851E+02,
  "Transport_time":8.87268E+00,
  "batchSize":1,
  "flux_time":{
    "multiMapOrder":["Cell","Time"],
    "CellBins":[["1"],["2"]],
    "TimeBounds":[[0.00000E+00,1.00000E-07],[1.00000E-07,2.00000E-07],[2.00000E-07,3.00000E-07],[3.00000E-07,4.00000E-07],[4.00000E-07,5.00000E-07],[5.00000E-07,6.00000E-07],[6.00000E-07,7.00000E-07],[7.00000E-07,8.00000E-07],[8.00000E-07,9.00000E-07],[9.00000E-07,1.00000E-06],[1.00000E-06,1.10000E-06],[1.10000E-06,1.20000E-06],[1.20000E-06,1.30000E-06],[1.30000E-06,1.40000E-06],[1.40000E-06,1.50000E-06],[1.50000E-06,1.60000E-06],[1.60000E-06,1.70000E-06],[1.70000E-06,1.80000E-06],[1.80000E-06,1.90000E-06],[1.90000E-06,2.00000E-06],[2.00000E-06,2.10000E-06],[2.10000E-06,2.20000E-06],[2.20000E-06,2.30000E-06],[2.30000E-06,2.40000E-06],[2.40000E-06,2.50000E-06],[2.50000E-06,2.60000E-06],[2.60000E-06,2.70000E-06],[2.70000E-06,2.80000E-06],[2.80000E-06,2.90000E-06],[2.90000E-06,3.00000E-06],[3.00000E-06,3.10000E-06],[3.10000E-06,3.20000E-06],[3.20000E-06,3.30000E-06],[3.30000E-06,3.40000E-06],[3.40000E-06,3.50000E-06],[3.50000E-06,3.60000E-06],[3.60000E-06,3.70000E-06],[3.70000E-06,3.80000E-06],[3.80000E-06,3.90000E-06],[3.90000E-06,4.00000E-06],[4.00000E-06,4.10000E-06],[4.10000E-06,4.20000E-06],[4.20000E-06,4.30000E-06],[4.30000E-06,4.40000E-06],[4.40000E-06,4.50000E-06],[4.50000E-06,4.60000E-06],[4.60000E-06,4.70000E-06],[4.70000E-06,4.80000E-06],[4.80000E-06,4.90000E-06],[4.90000E-06,5.00000E-06],[5.00000E-06,5.10000E-06],[5.10000E-06,5.20000E-06],[5.20000E-06,5.30000E-06],[5.30000E-06,5.40000E-06],[5.40000E-06,5.50000E-06],[5.50000E-06,5.60000E-06],[5.60000E-06,5.70000E-06],[5.70000E-06,5.80000E-06],[5.80000E-06,5.90000E-06],[5.90000E-06,6.00000E-06],[6.00000E-06,6.10000E-06],[6.10000E-06,6.20000E-06],[6.20000E-06,6.30000E-06],[6.30000E-06,6.40000E-06],[6.40000E-06,6.50000E-06],[6.50000E-06,6.60000E-06],[6.60000E-06,6.70000E-06],[6.70000E-06,6.80000E-06],[6.80000E-06,6.90000E-06],[6.90000E-06,7.00000E-06],[7.00000E-06,7.10000E-06],[7.10000E-06,7.20000E-06],[7.20000E-06,7.30000E-06],[7.30000E-06,7.40000E-06],[7.40000E-06,7.50000E-06],[7.50000E-06,7.60000E-06],[7.60000E-06,7.70000E-06],[7.70000E-06,7.80000E-06],[7.80000E-06,7.90000E-06],[7.90000E-06,8.00000E-06],[8.00000E-06,8.10000E-06],[8.10000E-06,8.20000E-06],[8.20000E-06,8.30000E-06],[8.30000E-06,8.40000E-06],[8.40000E-06,8.50000E-06],[8.50000E-06,8.60000E-06],[8.60000E-06,8.70000E-06],[8.70000E-06,8.80000E-06],[8.80000E-06,8.90000E-06],[8.90000E-06,9.00000E-06],[9.00000E-06,9.10000E-06],[9.10000E-06,9.20000E-06],[9.20000E-06,9.30000E-06],[9.30000E-06,9.40000E-06],[9.40000E-06,9.50000E-06],[9.50000E-06,9.60000E-06],[9.60000E-06,9.70000E-06],[9.70000E-06,9.80000E-06],[9.80000E-06,9.90000E-06],[9.90000E-06,1.00000E-05]],
    "Res":[[[[1.79618E+04,3.00932E+01]],[[6.21673E+00,1.18376E+00]]],[[[5.30320E+03,1.65465E+01]],[[2.83432E+01,3.29316E+00]]],[[[3.12957E+03,2.05086E+01]],[[1.75940E+01,1.43585E+00]]],[[[2.20205E+03,1.57541E+01]],[[1.16760E+01,9.32411E-01]]],[[[1.70726E+03,7.45065E+00]],[[7.61797E+00,7.75156E-01]]],[[[1.40486E+03,1.63227E+01]],[[5.79091E+00,5.12299E-01]]],[[[1.15956E+03,6.51981E+00]],[[4.54624E+00,3.83980E-01]]],[[[1.04013E+03,1.43026E+01]],[[3.91865E+00,3.51769E-01]]],[[[8.74692E+02,8.49971E+00]],[[3.12853E+00,2.48870E-01]]],[[[7.96612E+02,1.05367E+01]],[[2.77027E+00,2.48264E-01]]],[[[7.21090E+02,7.96383E+00]],[[2.46122E+00,1.48724E-01]]],[[[6.66799E+02,3.61758E+00]],[[2.33809E+00,1.82667E-01]]],[[[6.00043E+02,4.34226E+00]],[[2.00821E+00,2.22746E-01]]],[[[5.60974E+02,8.68714E+00]],[[1.85034E+00,1.54809E-01]]],[[[5.21780E+02,5.28210E+00]],[[1.70906E+00,1.58756E-01]]],[[[4.90518E+02,5.07127E+00]],[[1.52747E+00,1.32464E-01]]],[[[4.51519E+02,7.38250E+00]],[[1.50114E+00,1.29263E-01]]],[[[4.28320E+02,4.91754E+00]],[[1.42769E+00,1.69138E-01]]],[[[4.15846E+02,6.30881E+00]],[[1.33628E+00,1.21264E-01]]],[[[3.76751E+02,3.55447E+00]],[[1.20866E+00,1.03616E-01]]],[[[3.69600E+02,6.65686E+00]],[[1.18585E+00,1.05717E-01]]],[[[3.45955E+02,4.56018E+00]],[[1.05460E+00,7.98752E-02]]],[[[3.28846E+02,4.17296E+00]],[[1.08477E+00,7.31865E-02]]],[[[3.27284E+02,5.39852E+00]],[[9.94356E-01,8.24059E-02]]],[[[3.06310E+02,2.50237E+00]],[[9.31474E-01,7.83406E-02]]],[[[2.96727E+02,5.23249E+00]],[[9.07741E-01,7.43153E-02]]],[[[2.97068E+02,4.33711E+00]],[[8.57435E-01,6.98592E-02]]],[[[2.88126E+02,4.21385E+00]],[[8.47635E-01,6.39233E-02]]],[[[2.67965E+02,5.99446E+00]],[[8.32753E-01,6.64930E-02]]],[[[2.57349E+02,3.99701E+00]],[[7.83582E-01,8.62971E-02]]],[[[2.60633E+02,5.28956E+00]],[[7.71799E-01,6.64619E-02]]],[[[2.49167E+02,6.26029E+00]],[[7.16685E-01,6.35870E-02]]],[[[2.41963E+02,4.31270E+00]],[[6.69987E-01,5.66896E-02]]],[[[2.40893E+02,3.60104E+00]],[[6.91021E-01,5.65172E-02]]],[[[2.25174E+02,4.37569E+00]],[[6.59102E-01,5.08275E-02]]],[[[2.19341E+02,3.58441E+00]],[[6.58145E-01,5.07090E-02]]],[[[2.15318E+02,4.55710E+00]],[[6.53021E-01,5.64560E-02]]],[[[2.15658E+02,6.62276E+00]],[[6.01542E-01,4.19874E-02]]],[[[2.04956E+02,4.55391E+00]],[[5.84448E-01,4.84964E-02]]],[[[2.03684E+02,4.23094E+00]],[[6.05678E-01,4.44527E-02]]],[[[2.01295E+02,2.74983E+00]],[[5.72145E-01,4.83485E-02]]],[[[1.95549E+02,5.61004E+00]],[[5.60694E-01,4.63121E-02]]],[[[1.90241E+02,3.40421E+00]],[[5.52685E-01,3.49067E-02]]],[[[1.90030E+02,3.26153E+00]],[[5.25359E-01,4.80904E-02]]],[[[1.75715E+02,4.54468E+00]],[[5.09048E-01,4.25786E-02]]],[[[1.78899E+02,2.85939E+00]],[[5.49564E-01,4.43351E-02]]],[[[1.75380E+02,4.55118E+00]],[[4.76560E-01,3.77688E-02]]],[[[1.73952E+02,1.53344E+00]],[[4.95903E-01,3.16245E-02]]],[[[1.65173E+02,2.60803E+00]],[[4.87184E-01,3.52432E-02]]],[[[1.71866E+02,2.07924E+00]],[[4.67132E-01,3.72235E-02]]],[[[1.72644E+02,4.55443E+00]],[[4.81011E-01,3.59206E-02]]],[[[1.63702E+02,2.34533E+00]],[[4.64604E-01,4.08799E-02]]],[[[1.62071E+02,2.65395E+00]],[[4.51666E-01,3.99647E-02]]],[[[1.57947E+02,3.61104E+00]],[[4.28959E-01,3.22084E-02]]],[[[1.61089E+02,2.84932E+00]],[[4.58704E-01,4.14964E-02]]],[[[1.53745E+02,3.05567E+00]],[[4.23894E-01,3.22980E-02]]],[[[1.58923E+02,3.24330E+00]],[[4.28229E-01,4.41749E-02]]],[[[1.49958E+02,3.01954E+00]],[[4.07723E-01,2.89178E-02]]],[[[1.57686E+02,3.56689E+00]],[[4.19621E-01,3.81262E-02]]],[[[1.46217E+02,2.87239E+00]],[[3.87445E-01,2.35208E-02]]],[[[1.43604E+02,3.33518E+00]],[[3.97838E-01,2.88845E-02]]],[[[1.45229E+02,3.16407E+00]],[[3.99615E-01,3.72989E-02]]],[[[1.45267E+02,3.80496E+00]],[[3.98646E-01,2.92427E-02]]],[[[1.43460E+02,4.46348E+00]],[[4.00483E-01,3.76073E-02]]],[[[1.32718E+02,2.86741E+00]],[[3.76149E-01,3.05830E-02]]],[[[1.30543E+02,2.28883E+00]],[[3.91236E-01,2.54636E-02]]],[[[1.41993E+02,2.99766E+00]],[[3.93967E-01,3.28088E-02]]],[[[1.32990E+02,4.20204E+00]],[[3.64622E-01,2.89458E-02]]],[[[1.36694E+02,3.55344E+00]],[[3.61381E-01,2.85943E-02]]],[[[1.33186E+02,3.85190E+00]],[[3.66228E-01,3.16036E-02]]],[[[1.38638E+02,2.83469E+00]],[[3.64639E-01,3.26928E-02]]],[[[1.33891E+02,2.70927E+00]],[[3.49796E-01,2.76146E-02]]],[[[1.32562E+02,2.55758E+00]],[[3.64428E-01,3.37522E-02]]],[[[1.27403E+02,2.32611E+00]],[[3.54581E-01,2.70027E-02]]],[[[1.29791E+02,2.95802E+00]],[[3.41068E-01,2.21450E-02]]],[[[1.30944E+02,2.67010E+00]],[[3.38910E-01,2.55742E-02]]],[[[1.23512E+02,2.29277E+00]],[[3.38892E-01,2.46843E-02]]],[[[1.29414E+02,2.48618E+00]],[[3.57823E-01,3.47681E-02]]],[[[1.23655E+02,3.57448E+00]],[[3.45500E-01,2.24456E-02]]],[[[1.26222E+02,2.80571E+00]],[[3.38266E-01,2.90239E-02]]],[[[1.24160E+02,2.78057E+00]],[[3.30394E-01,2.38670E-02]]],[[[1.21339E+02,2.23035E+00]],[[3.34859E-01,2.90629E-02]]],[[[1.22512E+02,3.11780E+00]],[[3.22299E-01,2.96038E-02]]],[[[1.24246E+02,1.77135E+00]],[[3.24826E-01,2.40534E-02]]],[[[1.19420E+02,3.01723E+00]],[[3.39010E-01,2.10819E-02]]],[[[1.24329E+02,2.79675E+00]],[[3.25058E-01,2.53098E-02]]],[[[1.16798E+02,2.79390E+00]],[[3.07236E-01,2.35966E-02]]],[[[1.11361E+02,2.11413E+00]],[[2.96405E-01,