{
  "seed":-237396660,
  "pop":5000,
  "Source_batches":10,
  "Time_increment":1.00000E-07,
  "Time_bins":100,
  "Total_CPU_Time":2.72705E+01,
  "Transport_time":5.36354E+00,
  "batchSize":1,
  "flux_time":{
    "multiMapOrder":["Cell","Time"],
    "CellBins":[["1"],["2"]],
    "TimeBounds":[[0.00000E+00,1.00000E-07],[1.00000E-07,2.00000E-07],[2.00000E-07,3.00000E-07],[3.00000E-07,4.00000E-07],[4.00000E-07,5.00000E-07],[5.00000E-07,6.00000E-07],[6.00000E-07,7.00000E-07],[7.00000E-07,8.00000E-07],[8.00000E-07,9.00000E-07],[9.00000E-07,1.00000E-06],[1.00000E-06,1.10000E-06],[1.10000E-06,1.20000E-06],[1.20000E-06,1.30000E-06],[1.30000E-06,1.40000E-06],[1.40000E-06,1.50000E-06],[1.50000E-06,1.60000E-06],[1.60000E-06,1.70000E-06],[1.70000E-06,1.80000E-06],[1.80000E-06,1.90000E-06],[1.90000E-06,2.00000E-06],[2.00000E-06,2.10000E-06],[2.10000E-06,2.20000E-06],[2.20000E-06,2.30000E-06],[2.30000E-06,2.40000E-06],[2.40000E-06,2.50000E-06],[2.50000E-06,2.60000E-06],[2.60000E-06,2.70000E-06],[2.70000E-06,2.80000E-06],[2.80000E-06,2.90000E-06],[2.90000E-06,3.00000E-06],[3.00000E-06,3.10000E-06],[3.10000E-06,3.20000E-06],[3.20000E-06,3.30000E-06],[3.30000E-06,3.40000E-06],[3.40000E-06,3.50000E-06],[3.50000E-06,3.60000E-06],[3.60000E-06,3.70000E-06],[3.70000E-06,3.80000E-06],[3.80000E-06,3.90000E-06],[3.90000E-06,4.00000E-06],[4.00000E-06,4.10000E-06],[4.10000E-06,4.20000E-06],[4.20000E-06,4.30000E-06],[4.30000E-06,4.40000E-06],[4.40000E-06,4.50000E-06],[4.50000E-06,4.60000E-06],[4.60000E-06,4.70000E-06],[4.70000E-06,4.80000E-06],[4.80000E-06,4.90000E-06],[4.90000E-06,5.00000E-06],[5.00000E-06,5.10000E-06],[5.10000E-06,5.20000E-06],[5.20000E-06,5.30000E-06],[5.30000E-06,5.40000E-06],[5.40000E-06,5.50000E-06],[5.50000E-06,5.60000E-06],[5.60000E-06,5.70000E-06],[5.70000E-06,5.80000E-06],[5.80000E-06,5.90000E-06],[5.90000E-06,6.00000E-06],[6.00000E-06,6.10000E-06],[6.10000E-06,6.20000E-06],[6.20000E-06,6.30000E-06],[6.30000E-06,6.40000E-06],[6.40000E-06,6.50000E-06],[6.50000E-06,6.60000E-06],[6.60000E-06,6.70000E-06],[6.70000E-06,6.80000E-06],[6.80000E-06,6.90000E-06],[6.90000E-06,7.00000E-06],[7.00000E-06,7.10000E-06],[7.10000E-06,7.20000E-06],[7.20000E-06,7.30000E-06],[7.30000E-06,7.40000E-06],[7.40000E-06,7.50000E-06],[7.50000E-06,7.60000E-06],[7.60000E-06,7.70000E-06],[7.70000E-06,7.80000E-06],[7.80000E-06,7.90000E-06],[7.90000E-06,8.00000E-06],[8.00000E-06,8.10000E-06],[8.10000E-06,8.20000E-06],[8.20000E-06,8.30000E-06],[8.30000E-06,8.40000E-06],[8.40000E-06,8.50000E-06],[8.50000E-06,8.60000E-06],[8.60000E-06,8.70000E-06],[8.70000E-06,8.80000E-06],[8.80000E-06,8.90000E-06],[8.90000E-06,9.00000E-06],[9.00000E-06,9.10000E-06],[9.10000E-06,9.20000E-06],[9.20000E-06,9.30000E-06],[9.30000E-06,9.40000E-06],[9.40000E-06,9.50000E-06],[9.50000E-06,9.60000E-06],[9.60000E-06,9.70000E-06],[9.70000E-06,9.80000E-06],[9.80000E-06,9.90000E-06],[9.90000E-06,1.00000E-05]],
    "Res":[[[[1.80225E+04,3.49816E+01]],[[9.86964E+00,1.69874E+00]]],[[[5.36448E+03,3.36785E+01]],[[3.74920E+01,2.71934E+00]]],[[[3.14793E+03,1.99962E+01]],[[2.73028E+01,2.16540E+00]]],[[[2.21300E+03,1.61231E+01]],[[1.76854E+01,1.05936E+00]]],[[[1.69761E+03,9.69919E+00]],[[1.25204E+01,1.04223E+00]]],[[[1.39811E+03,8.37334E+00]],[[9.19367E+00,7.55193E-01]]],[[[1.14764E+03,6.83082E+00]],[[6.97274E+00,4.82129E-01]]],[[[1.02096E+03,8.64763E+00]],[[5.93818E+00,4.25595E-01]]],[[[8.97687E+02,7.50845E+00]],[[4.96163E+00,3.59940E-01]]],[[[8.02448E+02,1.08751E+01]],[[4.14050E+00,3.32280E-01]]],[[[7.10541E+02,8.04416E+00]],[[3.86402E+00,2.60000E-01]]],[[[6.44300E+02,6.55354E+00]],[[3.39723E+00,3.28836E-01]]],[[[6.01421E+02,1.03004E+01]],[[3.09167E+00,1.86966E-01]]],[[[5.60039E+02,5.68410E+00]],[[2.67905E+00,2.35703E-01]]],[[[5.16250E+02,4.75773E+00]],[[2.41541E+00,1.61654E-01]]],[[[4.91592E+02,5.53643E+00]],[[2.11457E+00,1.62364E-01]]],[[[4.49966E+02,5.84122E+00]],[[2.14187E+00,1.44010E-01]]],[[[4.31144E+02,6.57666E+00]],[[2.31378E+00,1.33640E-01]]],[[[3.97314E+02,3.82750E+00]],[[1.90487E+00,1.33230E-01]]],[[[3.85684E+02,4.67840E+00]],[[1.89751E+00,1.45636E-01]]],[[[3.76702E+02,6.53806E+00]],[[1.81287E+00,1.03350E-01]]],[[[3.55549E+02,4.30448E+00]],[[1.43959E+00,1.35654E-01]]],[[[3.35651E+02,5.96722E+00]],[[1.63341E+00,1.10530E-01]]],[[[3.20279E+02,4.08151E+00]],[[1.41884E+00,8.65575E-02]]],[[[3.01073E+02,5.94011E+00]],[[1.43235E+00,8.93550E-02]]],[[[3.00774E+02,2.53848E+00]],[[1.37698E+00,8.27741E-02]]],[[[2.88317E+02,5.63743E+00]],[[1.23884E+00,1.07168E-01]]],[[[2.78861E+02,3.54561E+00]],[[1.25755E+00,9.03213E-02]]],[[[2.71062E+02,5.38705E+00]],[[1.17351E+00,6.74241E-02]]],[[[2.62358E+02,4.57947E+00]],[[1.14305E+00,1.16587E-01]]],[[[2.53198E+02,5.01025E+00]],[[1.10852E+00,4.99795E-02]]],[[[2.47590E+02,4.44599E+00]],[[1.09283E+00,1.27132E-01]]],[[[2.43606E+02,4.23268E+00]],[[1.04189E+00,7.43561E-02]]],[[[2.35022E+02,3.45788E+00]],[[1.00666E+00,6.73516E-02]]],[[[2.27068E+02,5.46272E+00]],[[8.98860E-01,5.43722E-02]]],[[[2.17231E+02,3.90813E+00]],[[9.36320E-01,5.24141E-02]]],[[[2.13278E+02,4.85950E+00]],[[9.34211E-01,6.63721E-02]]],[[[2.11479E+02,4.51869E+00]],[[9.20946E-01,4.64838E-02]]],[[[2.11824E+02,4.08857E+00]],[[9.07015E-01,7.09768E-02]]],[[[1.97983E+02,3.01829E+00]],[[8.17607E-01,7.72045E-02]]],[[[1.99582E+02,4.35266E+00]],[[8.48109E-01,7.39149E-02]]],[[[1.94309E+02,4.48857E+00]],[[8.73095E-01,5.48226E-02]]],[[[1.90288E+02,3.04495E+00]],[[7.60808E-01,5.95532E-02]]],[[[1.87205E+02,2.64164E+00]],[[7.66285E-01,6.37871E-02]]],[[[1.81435E+02,3.43442E+00]],[[7.77178E-01,3.71381E-02]]],[[[1.75365E+02,3.62198E+00]],[[8.09779E-01,6.76641E-02]]],[[[1.75404E+02,3.39002E+00]],[[7.79981E-01,4.95823E-02]]],[[[1.72060E+02,2.65452E+00]],[[7.94591E-01,7.11320E-02]]],[[[1.72261E+02,3.10373E+00]],[[7.35367E-01,6.09840E-02]]],[[[1.68611E+02,3.55422E+00]],[[6.92828E-01,5.73157E-02]]],[[[1.65239E+02,2.31739E+00]],[[7.14444E-01,5.20854E-02]]],[[[1.65583E+02,2.86686E+00]],[[7.29272E-01,5.73754E-02]]],[[[1.64637E+02,2.94417E+00]],[[7.06260E-01,5.06283E-02]]],[[[1.55784E+02,2.07331E+00]],[[6.85974E-01,6.64116E-02]]],[[[1.52199E+02,4.81111E+00]],[[6.99067E-01,2.96515E-02]]],[[[1.53558E+02,2.22812E+00]],[[6.41732E-01,4.08528E-02]]],[[[1.48653E+02,2.46130E+00]],[[6.96982E-01,7.12415E-02]]],[[[1.48622E+02,3.90988E+00]],[[6.63512E-01,5.38682E-02]]],[[[1.49716E+02,3.16930E+00]],[[6.02975E-01,3.94681E-02]]],[[[1.45596E+02,2.60800E+00]],[[6.85213E-01,4.25879E-02]]],[[[1.47943E+02,2.88695E+00]],[[6.05441E-01,3.91307E-02]]],[[[1.44339E+02,4.04173E+00]],[[6.13004E-01,4.50778E-02]]],[[[1.42485E+02,3.84770E+00]],[[5.97278E-01,3.87222E-02]]],[[[1.40195E+02,3.14494E+00]],[[5.79832E-01,4.94032E-02]]],[[[1.35621E+02,2.94942E+00]],[[5.55231E-01,3.63368E-02]]],[[[1.33317E+02,2.35505E+00]],[[5.92330E-01,4.87771E-02]]],[[[1.38032E+02,2.52296E+00]],[[5.30255E-01,2.68692E-02]]],[[[1.35148E+02,1.47722E+00]],[[5.37440E-01,3.82669E-02]]],[[[1.34151E+02,2.21795E+00]],[[5.68470E-01,4.16626E-02]]],[[[1.39937E+02,2.89908E+00]],[[5.61928E-01,3.28642E-02]]],[[[1.35705E+02,2.32316E+00]],[[5.47985E-01,2.72289E-02]]],[[[1.30635E+02,3.38255E+00]],[[5.58327E-01,4.72596E-02]]],[[[1.30320E+02,2.03753E+00]],[[5.56260E-01,4.64416E-02]]],[[[1.25235E+02,2.10947E+00]],[[5.28464E-01,3.24394E-02]]],[[[1.30934E+02,4.48105E+00]],[[5.17938E-01,4.97324E-02]]],[[[1.31225E+02,3.21646E+00]],[[5.06897E-01,2.94557E-02]]],[[[1.23319E+02,2.87893E+00]],[[4.80838E-01,3.53424E-02]]],[[[1.23260E+02,3.90638E+00]],[[5.14917E-01,2.34265E-02]]],[[[1.27570E+02,1.58302E+00]],[[5.17399E-01,2.82587E-02]]],[[[1.19056E+02,3.01569E+00]],[[5.09186E-01,3.62486E-02]]],[[[1.17192E+02,2.14140E+00]],[[4.95850E-01,2.87373E-02]]],[[[1.20927E+02,2.14739E+00]],[[5.50097E-01,4.75139E-02]]],[[[1.23921E+02,2.95151E+00]],[[5.17666E-01,2.53926E-02]]],[[[1.20661E+02,3.14956E+00]],[[4.87640E-01,3.43775E-02]]],[[[1.15768E+02,3.60360E+00]],[[5.23598E-01,3.32415E-02]]],[[[1.16435E+02,2.31751E+00]],[[4.76823E-01,3.44340E-02]]],[[[1.20688E+02,2.70393E+00]],[[4.80513E-01,3.13911E-02]]],[[[1.16128E+02,2.95569E+00]],[[4.84775E-01,