{
  "seed":1082865309,
  "pop":100000,
  "Source_batches":5,
  "Time_increment":1.00000E-05,
  "Time_bins":100,
  "Total_CPU_Time":2.38754E+03,
  "Transport_time":7.36322E+00,
  "batchSize":1,
  "flux_time":{
    "TimeBounds":[[0.00000E+00,1.00000E-05],[1.00000E-05,2.00000E-05],[2.00000E-05,3.00000E-05],[3.00000E-05,4.00000E-05],[4.00000E-05,5.00000E-05],[5.00000E-05,6.00000E-05],[6.00000E-05,7.00000E-05],[7.00000E-05,8.00000E-05],[8.00000E-05,9.00000E-05],[9.00000E-05,1.00000E-04],[1.00000E-04,1.10000E-04],[1.10000E-04,1.20000E-04],[1.20000E-04,1.30000E-04],[1.30000E-04,1.40000E-04],[1.40000E-04,1.50000E-04],[1.50000E-04,1.60000E-04],[1.60000E-04,1.70000E-04],[1.70000E-04,1.80000E-04],[1.80000E-04,1.90000E-04],[1.90000E-04,2.00000E-04],[2.00000E-04,2.10000E-04],[2.10000E-04,2.20000E-04],[2.20000E-04,2.30000E-04],[2.30000E-04,2.40000E-04],[2.40000E-04,2.50000E-04],[2.50000E-04,2.60000E-04],[2.60000E-04,2.70000E-04],[2.70000E-04,2.80000E-04],[2.80000E-04,2.90000E-04],[2.90000E-04,3.00000E-04],[3.00000E-04,3.10000E-04],[3.10000E-04,3.20000E-04],[3.20000E-04,3.30000E-04],[3.30000E-04,3.40000E-04],[3.40000E-04,3.50000E-04],[3.50000E-04,3.60000E-04],[3.60000E-04,3.70000E-04],[3.70000E-04,3.80000E-04],[3.80000E-04,3.90000E-04],[3.90000E-04,4.00000E-04],[4.00000E-04,4.10000E-04],[4.10000E-04,4.20000E-04],[4.20000E-04,4.30000E-04],[4.30000E-04,4.40000E-04],[4.40000E-04,4.50000E-04],[4.50000E-04,4.60000E-04],[4.60000E-04,4.70000E-04],[4.70000E-04,4.80000E-04],[4.80000E-04,4.90000E-04],[4.90000E-04,5.00000E-04],[5.00000E-04,5.10000E-04],[5.10000E-04,5.20000E-04],[5.20000E-04,5.30000E-04],[5.30000E-04,5.40000E-04],[5.40000E-04,5.50000E-04],[5.50000E-04,5.60000E-04],[5.60000E-04,5.70000E-04],[5.70000E-04,5.80000E-04],[5.80000E-04,5.90000E-04],[5.90000E-04,6.00000E-04],[6.00000E-04,6.10000E-04],[6.10000E-04,6.20000E-04],[6.20000E-04,6.30000E-04],[6.30000E-04,6.40000E-04],[6.40000E-04,6.50000E-04],[6.50000E-04,6.60000E-04],[6.60000E-04,6.70000E-04],[6.70000E-04,6.80000E-04],[6.80000E-04,6.90000E-04],[6.90000E-04,7.00000E-04],[7.00000E-04,7.10000E-04],[7.10000E-04,7.20000E-04],[7.20000E-04,7.30000E-04],[7.30000E-04,7.40000E-04],[7.40000E-04,7.50000E-04],[7.50000E-04,7.60000E-04],[7.60000E-04,7.70000E-04],[7.70000E-04,7.80000E-04],[7.80000E-04,7.90000E-04],[7.90000E-04,8.00000E-04],[8.00000E-04,8.10000E-04],[8.10000E-04,8.20000E-04],[8.20000E-04,8.30000E-04],[8.30000E-04,8.40000E-04],[8.40000E-04,8.50000E-04],[8.50000E-04,8.60000E-04],[8.60000E-04,8.70000E-04],[8.70000E-04,8.80000E-04],[8.80000E-04,8.90000E-04],[8.90000E-04,9.00000E-04],[9.00000E-04,9.10000E-04],[9.10000E-04,9.20000E-04],[9.20000E-04,9.30000E-04],[9.30000E-04,9.40000E-04],[9.40000E-04,9.50000E-04],[9.50000E-04,9.60000E-04],[9.60000E-04,9.70000E-04],[9.70000E-04,9.80000E-04],[9.80000E-04,9.90000E-04],[9.90000E-04,1.00000E-03]],
    "Res":[[[4.39500E+05,1.48125E+04]],[[4.51005E+05,1.04954E+04]],[[4.67935E+05,1.63967E+04]],[[4.90522E+05,1.93602E+04]],[[5.10529E+05,1.79746E+04]],[[5.24008E+05,1.47001E+04]],[[5.72823E+05,2.90798E+04]],[[5.61834E+05,1.72046E+04]],[[5.59595E+05,1.50993E+04]],[[5.82654E+05,3.46705E+04]],[[5.87304E+05,2.47117E+04]],[[5.95517E+05,2.09165E+04]],[[6.15817E+05,1.76145E+04]],[[6.63002E+05,3.55847E+04]],[[6.71164E+05,3.30839E+04]],[[6.87092E+05,1.97531E+04]],[[6.99207E+05,2.94054E+04]],[[7.26320E+05,4.04094E+04]],[[7.61513E+05,4.54208E+04]],[[7.70552E+05,4.60054E+04]],[[8.42306E+05,4.85829E+04]],[[8.38583E+05,4.17718E+04]],[[8.46671E+05,4.00151E+04]],[[8.99808E+05,4.79145E+04]],[[9.25478E+05,6.23336E+04]],[[9.38507E+05,5.01883E+04]],[[1.00381E+06,5.90791E+04]],[[1.00914E+06,6.60807E+04]],[[1.04593E+06,5.29162E+04]],[[1.05830E+06,5.10652E+04]],[[1.13662E+06,5.08029E+04]],[[1.19656E+06,4.72179E+04]],[[1.19151E+06,7.11386E+04]],[[1.24819E+06,6.35002E+04]],[[1.31066E+06,8.92172E+04]],[[1.30514E+06,7.73929E+04]],[[1.38831E+06,1.03371E+05]],[[1.41742E+06,9.65687E+04]],[[1.47038E+06,1.06414E+05]],[[1.50621E+06,1.26601E+05]],[[1.55216E+06,1.17708E+05]],[[1.69650E+06,1.25908E+05]],[[1.67186E+06,1.06272E+05]],[[1.76837E+06,1.04956E+05]],[[1.86997E+06,1.03446E+05]],[[1.94240E+06,1.16259E+05]],[[1.93098E+06,1.23015E+05]],[[1.95213E+06,1.34036E+05]],[[2.07605E+06,1.29288E+05]],[[2.14317E+06,1.17524E+05]],[[2.12569E+06,1.17268E+05]],[[2.19896E+06,1.37880E+05]],[[2.33531E+06,1.70420E+05]],[[2.50207E+06,1.51937E+05]],[[2.52828E+06,1.38415E+05]],[[2.55544E+06,1.59201E+05]],[[2.60746E+06,1.75684E+05]],[[2.68233E+06,1.87013E+05]],[[2.84522E+06,1.92957E+05]],[[2.87458E+06,2.09911E+05]],[[3.01456E+06,2.04672E+05]],[[3.09801E+06,1.75759E+05]],[[3.14372E+06,1.73589E+05]],[[3.21523E+06,2.08486E+05]],[[3.42400E+06,2.88034E+05]],[[3.53856E+06,2.05873E+05]],[[3.52739E+06,2.48508E+05]],[[3.71774E+06,2.83157E+05]],[[3.81386E+06,2.74955E+05]],[[3.96069E+06,2.89794E+05]],[[4.06069E+06,2.80867E+05]],[[4.17814E+06,2.89330E+05]],[[4.32626E+06,3.30573E+05]],[[4.35010E+06,3.76643E+05]],[[4.53779E+06,3.24130E+05]],[[4.58517E+06,3.51838E+05]],[[4.78452E+06,3.25659E+05]],[[4.80607E+06,2.85954E+05]],[[5.07801E+06,3.77381E+05]],[[5.26011E+06,3.64063E+05]],[[5.44207E+06,4.30726E+05]],[[5.57198E+06,4.81403E+05]],[[5.81322E+06,4.51661E+05]],[[6.03245E+06,5.09653E+05]],[[6.17752E+06,4.15021E+05]],[[6.53672E+06,4.25608E+05]],[[6.73725E+06,4.41083E+05]],[[6.99330E+06,5.80149E+05]],[[7.06389E+06,5.94458E+05]],[[7.49475E+06,5.23929E+05]],[[7.57718E+06,5.73322E+05]],[[7.85595E+06,4.78554E+05]],[[7.91600E+06,6.46428E+05]],[[8.43601E+06,5.05386E+05]],[[8.66498E+06,7.51447E+05]],[[8.72352E+06,7.45376E+05]],[[9.38035E+06,7.42040E+05]],[[9.46403E+06,7.57653E+05]],[[9.72169E+06,8.95018E+05]],[[1.00251E+07,7.73800E+05]]]
  }
}
