{
  "seed":-1730502450,
  "pop":5000,
  "Source_batches":10,
  "Time_increment":1.00000E-07,
  "Time_bins":100,
  "Total_CPU_Time":4.28021E+01,
  "Transport_time":8.48918E+00,
  "batchSize":1,
  "flux_time":{
    "multiMapOrder":["Cell","Time"],
    "CellBins":[["1"],["2"],["4"]],
    "TimeBounds":[[0.00000E+00,1.00000E-07],[1.00000E-07,2.00000E-07],[2.00000E-07,3.00000E-07],[3.00000E-07,4.00000E-07],[4.00000E-07,5.00000E-07],[5.00000E-07,6.00000E-07],[6.00000E-07,7.00000E-07],[7.00000E-07,8.00000E-07],[8.00000E-07,9.00000E-07],[9.00000E-07,1.00000E-06],[1.00000E-06,1.10000E-06],[1.10000E-06,1.20000E-06],[1.20000E-06,1.30000E-06],[1.30000E-06,1.40000E-06],[1.40000E-06,1.50000E-06],[1.50000E-06,1.60000E-06],[1.60000E-06,1.70000E-06],[1.70000E-06,1.80000E-06],[1.80000E-06,1.90000E-06],[1.90000E-06,2.00000E-06],[2.00000E-06,2.10000E-06],[2.10000E-06,2.20000E-06],[2.20000E-06,2.30000E-06],[2.30000E-06,2.40000E-06],[2.40000E-06,2.50000E-06],[2.50000E-06,2.60000E-06],[2.60000E-06,2.70000E-06],[2.70000E-06,2.80000E-06],[2.80000E-06,2.90000E-06],[2.90000E-06,3.00000E-06],[3.00000E-06,3.10000E-06],[3.10000E-06,3.20000E-06],[3.20000E-06,3.30000E-06],[3.30000E-06,3.40000E-06],[3.40000E-06,3.50000E-06],[3.50000E-06,3.60000E-06],[3.60000E-06,3.70000E-06],[3.70000E-06,3.80000E-06],[3.80000E-06,3.90000E-06],[3.90000E-06,4.00000E-06],[4.00000E-06,4.10000E-06],[4.10000E-06,4.20000E-06],[4.20000E-06,4.30000E-06],[4.30000E-06,4.40000E-06],[4.40000E-06,4.50000E-06],[4.50000E-06,4.60000E-06],[4.60000E-06,4.70000E-06],[4.70000E-06,4.80000E-06],[4.80000E-06,4.90000E-06],[4.90000E-06,5.00000E-06],[5.00000E-06,5.10000E-06],[5.10000E-06,5.20000E-06],[5.20000E-06,5.30000E-06],[5.30000E-06,5.40000E-06],[5.40000E-06,5.50000E-06],[5.50000E-06,5.60000E-06],[5.60000E-06,5.70000E-06],[5.70000E-06,5.80000E-06],[5.80000E-06,5.90000E-06],[5.90000E-06,6.00000E-06],[6.00000E-06,6.10000E-06],[6.10000E-06,6.20000E-06],[6.20000E-06,6.30000E-06],[6.30000E-06,6.40000E-06],[6.40000E-06,6.50000E-06],[6.50000E-06,6.60000E-06],[6.60000E-06,6.70000E-06],[6.70000E-06,6.80000E-06],[6.80000E-06,6.90000E-06],[6.90000E-06,7.00000E-06],[7.00000E-06,7.10000E-06],[7.10000E-06,7.20000E-06],[7.20000E-06,7.30000E-06],[7.30000E-06,7.40000E-06],[7.40000E-06,7.50000E-06],[7.50000E-06,7.60000E-06],[7.60000E-06,7.70000E-06],[7.70000E-06,7.80000E-06],[7.80000E-06,7.90000E-06],[7.90000E-06,8.00000E-06],[8.00000E-06,8.10000E-06],[8.10000E-06,8.20000E-06],[8.20000E-06,8.30000E-06],[8.30000E-06,8.40000E-06],[8.40000E-06,8.50000E-06],[8.50000E-06,8.60000E-06],[8.60000E-06,8.70000E-06],[8.70000E-06,8.80000E-06],[8.80000E-06,8.90000E-06],[8.90000E-06,9.00000E-06],[9.00000E-06,9.10000E-06],[9.10000E-06,9.20000E-06],[9.20000E-06,9.30000E-06],[9.30000E-06,9.40000E-06],[9.40000E-06,9.50000E-06],[9.50000E-06,9.60000E-06],[9.60000E-06,9.70000E-06],[9.70000E-06,9.80000E-06],[9.80000E-06,9.90000E-06],[9.90000E-06,1.00000E-05]],
    "Res":[[[[1.80430E+04,3.23637E+01]],[[3.60373E+00,7.23304E-01]],[[7.28201E+00,1.26016E+00]]],[[[5.32662E+03,2.49214E+01]],[[1.92063E+01,2.31754E+00]],[[2.55186E+01,4.19506E+00]]],[[[3.12767E+03,1.20838E+01]],[[1.38603E+01,1.73413E+00]],[[1.60758E+01,2.20516E+00]]],[[[2.18214E+03,1.32179E+01]],[[8.18912E+00,9.77758E-01]],[[9.22065E+00,1.38665E+00]]],[[[1.70829E+03,1.05533E+01]],[[5.89187E+00,8.14737E-01]],[[6.69687E+00,1.14646E+00]]],[[[1.38036E+03,1.60060E+01]],[[4.03592E+00,5.31930E-01]],[[5.46827E+00,9.45811E-01]]],[[[1.18114E+03,1.05388E+01]],[[4.42165E+00,6.46428E-01]],[[4.41244E+00,6.27947E-01]]],[[[1.01889E+03,7.22195E+00]],[[3.11106E+00,8.18960E-01]],[[3.51646E+00,4.99704E-01]]],[[[8.76243E+02,7.77351E+00]],[[2.78803E+00,5.27366E-01]],[[2.57371E+00,3.19697E-01]]],[[[8.00859E+02,6.47587E+00]],[[2.67496E+00,5.02659E-01]],[[2.54037E+00,2.72070E-01]]],[[[7.31712E+02,7.59998E+00]],[[2.26100E+00,4.81086E-01]],[[1.91532E+00,3.02953E-01]]],[[[6.57812E+02,5.05256E+00]],[[1.19556E+00,3.40885E-01]],[[1.91240E+00,2.57430E-01]]],[[[5.96796E+02,6.66492E+00]],[[1.66534E+00,4.31435E-01]],[[1.90833E+00,4.39148E-01]]],[[[5.48842E+02,3.23630E+00]],[[1.68043E+00,3.19318E-01]],[[1.68568E+00,2.42194E-01]]],[[[5.17482E+02,7.03535E+00]],[[1.28257E+00,2.91204E-01]],[[1.36481E+00,2.25116E-01]]],[[[4.86043E+02,4.76594E+00]],[[1.21953E+00,2.06010E-01]],[[1.28485E+00,1.64223E-01]]],[[[4.63348E+02,6.30162E+00]],[[1.25180E+00,2.89539E-01]],[[1.33108E+00,1.74976E-01]]],[[[4.30530E+02,3.87551E+00]],[[6.95887E-01,2.39395E-01]],[[1.14138E+00,1.72171E-01]]],[[[4.14372E+02,6.99588E+00]],[[8.91256E-01,2.15895E-01]],[[1.06522E+00,1.35532E-01]]],[[[3.79118E+02,4.89704E+00]],[[1.50219E+00,3.18471E-01]],[[1.07313E+00,1.47164E-01]]],[[[3.73365E+02,6.13350E+00]],[[7.14684E-01,2.22951E-01]],[[9.52114E-01,1.17919E-01]]],[[[3.49985E+02,6.66655E+00]],[[8.23501E-01,3.23047E-01]],[[8.43684E-01,1.48390E-01]]],[[[3.31404E+02,4.89955E+00]],[[6.96701E-01,1.88669E-01]],[[1.01242E+00,2.37517E-01]]],[[[3.15520E+02,3.61853E+00]],[[6.30657E-01,1.52598E-01]],[[8.27444E-01,9.40057E-02]]],[[[3.05363E+02,3.25703E+00]],[[8.70797E-01,3.14105E-01]],[[9.66632E-01,1.66647E-01]]],[[[3.01568E+02,5.33695E+00]],[[8.19891E-01,2.79263E-01]],[[7.83342E-01,1.12866E-01]]],[[[2.82882E+02,4.81166E+00]],[[9.90024E-01,2.67827E-01]],[[6.98820E-01,1.16215E-01]]],[[[2.81689E+02,4.39894E+00]],[[8.72902E-01,2.68854E-01]],[[7.31568E-01,1.38999E-01]]],[[[2.65253E+02,3.84944E+00]],[[6.20818E-01,1.36897E-01]],[[7.06537E-01,1.37287E-01]]],[[[2.47936E+02,5.24009E+00]],[[9.32713E-01,2.57866E-01]],[[8.59417E-01,1.36510E-01]]],[[[2.56600E+02,3.64806E+00]],[[6.68441E-01,2.79539E-01]],[[6.51236E-01,9.52465E-02]]],[[[2.44838E+02,3.22463E+00]],[[7.32083E-01,2.91645E-01]],[[7.06073E-01,1.73969E-01]]],[[[2.38825E+02,3.99670E+00]],[[4.11341E-01,1.42930E-01]],[[7.64036E-01,7.02389E-02]]],[[[2.34541E+02,3.04531E+00]],[[3.98938E-01,1.43192E-01]],[[5.66472E-01,7.56238E-02]]],[[[2.24433E+02,3.89906E+00]],[[5.60132E-01,1.66364E-01]],[[5.69416E-01,8.01450E-02]]],[[[2.18946E+02,3.12644E+00]],[[4.30573E-01,1.75297E-01]],[[5.32543E-01,8.86035E-02]]],[[[2.11659E+02,5.26701E+00]],[[4.03040E-01,1.92324E-01]],[[6.69596E-01,1.05654E-01]]],[[[2.08589E+02,2.55362E+00]],[[5.98984E-01,1.64689E-01]],[[5.40000E-01,1.04181E-01]]],[[[2.07131E+02,3.09626E+00]],[[5.94904E-01,1.17429E-01]],[[5.01948E-01,6.89327E-02]]],[[[1.98958E+02,4.71432E+00]],[[5.18253E-01,1.46088E-01]],[[4.76206E-01,6.93989E-02]]],[[[1.94663E+02,4.91421E+00]],[[6.03865E-01,2.05491E-01]],[[4.83943E-01,6.46019E-02]]],[[[1.89956E+02,4.00493E+00]],[[4.17877E-01,1.55977E-01]],[[4.71620E-01,6.42256E-02]]],[[[1.95485E+02,4.60514E+00]],[[2.79518E-01,1.05140E-01]],[[4.16831E-01,7.02271E-02]]],[[[1.84232E+02,4.65753E+00]],[[4.04443E-01,1.12581E-01]],[[4.54068E-01,6.44174E-02]]],[[[1.79259E+02,3.96259E+00]],[[2.78690E-01,9.59939E-02]],[[4.86160E-01,3.84325E-02]]],[[[1.80199E+02,2.83468E+00]],[[5.85998E-01,1.65319E-01]],[[4.87124E-01,4.24792E-02]]],[[[1.73621E+02,3.22864E+00]],[[4.11859E-01,1.50855E-01]],[[4.60809E-01,7.46053E-02]]],[[[1.75217E+02,2.26884E+00]],[[4.08206E-01,1.34145E-01]],[[4.17646E-01,6.44944E-02]]],[[[1.69888E+02,3.59507E+00]],[[3.21074E-01,1.10294E-01]],[[4.48803E-01,5.49410E-02]]],[[[1.68442E+02,3.40101E+00]],[[3.85996E-01,1.48060E-01]],[[4.95296E-01,5.26972E-02]]],[[[1.67700E+02,3.83712E+00]],[[2.05183E-01,1.47559E-01]],[[4.60378E-01,6.26939E-02]]],[[[1.57729E+02,2.72790E+00]],[[3.43707E-01,1.36659E-01]],[[4.06508E-01,5.89262E-02]]],[[[1.61610E+02,2.81054E+00]],[[3.62193E-01,1.41261E-01]],[[5.06318E-01,1.04631E-01]]],[[[1.63562E+02,4.64712E+00]],[[3.97628E-01,1.61465E-01]],[[4.25867E-01,5.82939E-02]]],[[[1.55194E+02,3.79370E+00]],[[4.11096E-01,1.12002E-01]],[[4.34738E-01,6.92173E-02]]],[[[1.56068E+02,4.14729E+00]],[[3.76563E-01,1.12628E-01]],[[5.50848E-01,1.18986E-01]]],[[[1.47275E+02,3.46064E+00]],[[2.96762E-01,1.10104E-01]],[[4.50690E-01,7.74065E-02]]],[[[1.51286E+02,4.51766E+00]],[[1.62079E-01,5.27407E-02]],[[3.91089E-01,5.59596E-02]]],[[[1.52062E+02,4.76797E+00]],[[1.09836E-01,5.52971E-02]],[[4.27242E-01,8.99494E-02]]],