{
  "seed":-1916720265,
  "pop":5000,
  "Source_batches":10,
  "Time_increment":1.00000E-07,
  "Time_bins":100,
  "Total_CPU_Time":2.81018E+01,
  "Transport_time":5.57569E+00,
  "batchSize":1,
  "flux_time":{
    "multiMapOrder":["Cell","Time"],
    "CellBins":[["1"],["2"]],
    "TimeBounds":[[0.00000E+00,1.00000E-07],[1.00000E-07,2.00000E-07],[2.00000E-07,3.00000E-07],[3.00000E-07,4.00000E-07],[4.00000E-07,5.00000E-07],[5.00000E-07,6.00000E-07],[6.00000E-07,7.00000E-07],[7.00000E-07,8.00000E-07],[8.00000E-07,9.00000E-07],[9.00000E-07,1.00000E-06],[1.00000E-06,1.10000E-06],[1.10000E-06,1.20000E-06],[1.20000E-06,1.30000E-06],[1.30000E-06,1.40000E-06],[1.40000E-06,1.50000E-06],[1.50000E-06,1.60000E-06],[1.60000E-06,1.70000E-06],[1.70000E-06,1.80000E-06],[1.80000E-06,1.90000E-06],[1.90000E-06,2.00000E-06],[2.00000E-06,2.10000E-06],[2.10000E-06,2.20000E-06],[2.20000E-06,2.30000E-06],[2.30000E-06,2.40000E-06],[2.40000E-06,2.50000E-06],[2.50000E-06,2.60000E-06],[2.60000E-06,2.70000E-06],[2.70000E-06,2.80000E-06],[2.80000E-06,2.90000E-06],[2.90000E-06,3.00000E-06],[3.00000E-06,3.10000E-06],[3.10000E-06,3.20000E-06],[3.20000E-06,3.30000E-06],[3.30000E-06,3.40000E-06],[3.40000E-06,3.50000E-06],[3.50000E-06,3.60000E-06],[3.60000E-06,3.70000E-06],[3.70000E-06,3.80000E-06],[3.80000E-06,3.90000E-06],[3.90000E-06,4.00000E-06],[4.00000E-06,4.10000E-06],[4.10000E-06,4.20000E-06],[4.20000E-06,4.30000E-06],[4.30000E-06,4.40000E-06],[4.40000E-06,4.50000E-06],[4.50000E-06,4.60000E-06],[4.60000E-06,4.70000E-06],[4.70000E-06,4.80000E-06],[4.80000E-06,4.90000E-06],[4.90000E-06,5.00000E-06],[5.00000E-06,5.10000E-06],[5.10000E-06,5.20000E-06],[5.20000E-06,5.30000E-06],[5.30000E-06,5.40000E-06],[5.40000E-06,5.50000E-06],[5.50000E-06,5.60000E-06],[5.60000E-06,5.70000E-06],[5.70000E-06,5.80000E-06],[5.80000E-06,5.90000E-06],[5.90000E-06,6.00000E-06],[6.00000E-06,6.10000E-06],[6.10000E-06,6.20000E-06],[6.20000E-06,6.30000E-06],[6.30000E-06,6.40000E-06],[6.40000E-06,6.50000E-06],[6.50000E-06,6.60000E-06],[6.60000E-06,6.70000E-06],[6.70000E-06,6.80000E-06],[6.80000E-06,6.90000E-06],[6.90000E-06,7.00000E-06],[7.00000E-06,7.10000E-06],[7.10000E-06,7.20000E-06],[7.20000E-06,7.30000E-06],[7.30000E-06,7.40000E-06],[7.40000E-06,7.50000E-06],[7.50000E-06,7.60000E-06],[7.60000E-06,7.70000E-06],[7.70000E-06,7.80000E-06],[7.80000E-06,7.90000E-06],[7.90000E-06,8.00000E-06],[8.00000E-06,8.10000E-06],[8.10000E-06,8.20000E-06],[8.20000E-06,8.30000E-06],[8.30000E-06,8.40000E-06],[8.40000E-06,8.50000E-06],[8.50000E-06,8.60000E-06],[8.60000E-06,8.70000E-06],[8.70000E-06,8.80000E-06],[8.80000E-06,8.90000E-06],[8.90000E-06,9.00000E-06],[9.00000E-06,9.10000E-06],[9.10000E-06,9.20000E-06],[9.20000E-06,9.30000E-06],[9.30000E-06,9.40000E-06],[9.40000E-06,9.50000E-06],[9.50000E-06,9.60000E-06],[9.60000E-06,9.70000E-06],[9.70000E-06,9.80000E-06],[9.80000E-06,9.90000E-06],[9.90000E-06,1.00000E-05]],
    "Res":[[[[1.78472E+04,3.75884E+01]],[[1.15769E+01,1.21174E+00]]],[[[5.32968E+03,2.22668E+01]],[[4.41870E+01,1.04177E+00]]],[[[3.11666E+03,1.62508E+01]],[[2.70233E+01,1.52264E+00]]],[[[2.19093E+03,1.12212E+01]],[[1.78847E+01,1.12264E+00]]],[[[1.71086E+03,9.07420E+00]],[[1.21197E+01,1.00806E+00]]],[[[1.37361E+03,1.10939E+01]],[[8.67978E+00,1.20423E+00]]],[[[1.17061E+03,1.22766E+01]],[[5.97519E+00,9.23620E-01]]],[[[9.98224E+02,7.51307E+00]],[[5.19359E+00,5.24071E-01]]],[[[8.71759E+02,9.01083E+00]],[[5.07618E+00,4.94451E-01]]],[[[7.81073E+02,1.00683E+01]],[[4.69688E+00,3.77429E-01]]],[[[6.93924E+02,8.05633E+00]],[[4.42880E+00,4.69898E-01]]],[[[6.20799E+02,4.38150E+00]],[[4.19126E+00,7.25147E-01]]],[[[5.82307E+02,4.99508E+00]],[[2.98161E+00,5.01073E-01]]],[[[5.48315E+02,6.68910E+00]],[[2.92438E+00,6.03126E-01]]],[[[5.01882E+02,8.27310E+00]],[[2.54358E+00,3.66967E-01]]],[[[4.64574E+02,7.25853E+00]],[[2.76655E+00,5.49109E-01]]],[[[4.45520E+02,4.89524E+00]],[[2.07620E+00,3.56895E-01]]],[[[4.08163E+02,4.56151E+00]],[[1.99818E+00,5.09725E-01]]],[[[3.98919E+02,3.60583E+00]],[[1.86924E+00,4.46843E-01]]],[[[3.75855E+02,5.77871E+00]],[[2.04521E+00,3.68931E-01]]],[[[3.56743E+02,4.50469E+00]],[[1.88070E+00,2.09445E-01]]],[[[3.39482E+02,3.40334E+00]],[[1.48678E+00,3.92926E-01]]],[[[3.25661E+02,3.32786E+00]],[[1.64972E+00,4.80811E-01]]],[[[3.15676E+02,5.20311E+00]],[[1.57506E+00,1.37851E-01]]],[[[2.98770E+02,3.33048E+00]],[[1.65695E+00,3.19589E-01]]],[[[2.85174E+02,3.54521E+00]],[[1.59966E+00,2.92889E-01]]],[[[2.80042E+02,5.53572E+00]],[[1.17872E+00,3.17581E-01]]],[[[2.72101E+02,3.33690E+00]],[[1.18657E+00,1.82855E-01]]],[[[2.52339E+02,4.31991E+00]],[[1.12667E+00,2.46428E-01]]],[[[2.55195E+02,3.35561E+00]],[[1.63136E+00,3.97659E-01]]],[[[2.43525E+02,5.50452E+00]],[[1.06134E+00,1.58330E-01]]],[[[2.32530E+02,5.48473E+00]],[[9.81445E-01,4.06025E-01]]],[[[2.39075E+02,3.43272E+00]],[[9.43951E-01,2.30647E-01]]],[[[2.23612E+02,3.92739E+00]],[[9.67830E-01,2.16675E-01]]],[[[2.23220E+02,3.00382E+00]],[[1.15105E+00,2.94290E-01]]],[[[2.06988E+02,3.94064E+00]],[[1.64490E+00,2.80672E-01]]],[[[2.05466E+02,2.72837E+00]],[[1.05755E+00,2.83599E-01]]],[[[1.98495E+02,3.80692E+00]],[[1.22998E+00,2.27932E-01]]],[[[1.94220E+02,3.23176E+00]],[[6.52806E-01,2.56392E-01]]],[[[1.88587E+02,2.33018E+00]],[[7.85755E-01,1.99275E-01]]],[[[1.83343E+02,3.15060E+00]],[[8.40238E-01,2.43746E-01]]],[[[1.87704E+02,2.78293E+00]],[[9.85720E-01,2.79458E-01]]],[[[1.81081E+02,1.65541E+00]],[[6.42120E-01,1.67798E-01]]],[[[1.76669E+02,1.65792E+00]],[[1.05265E+00,1.64014E-01]]],[[[1.76701E+02,2.59127E+00]],[[1.17770E+00,2.65596E-01]]],[[[1.66355E+02,2.65697E+00]],[[1.18162E+00,3.60281E-01]]],[[[1.72176E+02,1.64301E+00]],[[7.15691E-01,3.18567E-01]]],[[[1.64717E+02,2.53363E+00]],[[5.26974E-01,2.62290E-01]]],[[[1.65384E+02,2.56145E+00]],[[9.19007E-01,2.52543E-01]]],[[[1.62286E+02,3.74994E+00]],[[7.78850E-01,2.00650E-01]]],[[[1.54372E+02,2.46809E+00]],[[2.10012E-01,8.54449E-02]]],[[[1.54098E+02,2.67003E+00]],[[4.50311E-01,1.56474E-01]]],[[[1.47069E+02,1.58588E+00]],[[1.13842E+00,3.39071E-01]]],[[[1.49652E+02,2.26945E+00]],[[7.72336E-01,2.25207E-01]]],[[[1.47824E+02,2.45625E+00]],[[4.93747E-01,1.95775E-01]]],[[[1.43253E+02,2.33051E+00]],[[5.15404E-01,2.13469E-01]]],[[[1.39226E+02,2.89001E+00]],[[7.00506E-01,2.15052E-01]]],[[[1.39419E+02,2.71897E+00]],[[6.45616E-01,2.05592E-01]]],[[[1.36691E+02,1.91886E+00]],[[7.20777E-01,1.42074E-01]]],[[[1.36035E+02,2.13266E+00]],[[4.12910E-01,1.46683E-01]]],[[[1.37018E+02,2.33774E+00]],[[4.52181E-01,1.65937E-01]]],[[[1.36255E+02,2.13395E+00]],[[3.86849E-01,1.35986E-01]]],[[[1.34542E+02,2.70590E+00]],[[5.29479E-01,2.30481E-01]]],[[[1.31762E+02,1.63192E+00]],[[1.96866E-01,1.00742E-01]]],[[[1.29360E+02,1.85948E+00]],[[3.42311E-01,1.17940E-01]]],[[[1.25860E+02,2.19304E+00]],[[6.71420E-01,1.73505E-01]]],[[[1.26151E+02,2.44240E+00]],[[3.84605E-01,1.65066E-01]]],[[[1.25142E+02,1.61640E+00]],[[6.66738E-01,2.36943E-01]]],[[[1.22703E+02,1.24881E+00]],[[6.11288E-01,1.78033E-01]]],[[[1.21564E+02,1.98265E+00]],[[3.60595E-01,1.67201E-01]]],[[[1.23102E+02,2.56262E+00]],[[6.94116E-01,2.06886E-01]]],[[[1.20975E+02,2.51706E+00]],[[6.34744E-01,2.57011E-01]]],[[[1.19907E+02,2.43296E+00]],[[3.44101E-01,1.66707E-01]]],[[[1.21858E+02,1.85197E+00]],[[4.50635E-01,1.91562E-01]]],[[[1.20747E+02,2.71579E+00]],[[6.32934E-01,1.98964E-01]]],[[[1.18925E+02,2.30589E+00]],[[3.52432E-01,1.18106E-01]]],[[[1.19733E+02,1.57108E+00]],[[4.75282E-01,2.04754E-01]]],[[[1.17556E+02,1.54214E+00]],[[8.60144E-01,2.32004E-01]]],[[[1.16018E+02,1.37881E+00]],[[1.02015E+00,2.28914E-01]]],[[[1.15204E+02,2.00540E+00]],[[5.52565E-01,2.22860E-01]]],[[[1.14861E+02,1.49010E+00]],[[5.27864E-01,1.92566E-01]]],[[[1.13779E+02,2.26100E+00]],[[7.03149E-01,2.57513E-01]]],[[[1.15418E+02,1.57371E+00]],[[5.59267E-01,2.90938E-01]]],[[[1.13437E+02,1.41156E+00]],[[3.19585E-01,1.52731E-01]]],[[[1.12455E+02,2.29520E+00]],[[4.59534E-01,2.84085E-01]]],[[[1.12042E+02,2.20665E+00]],[[5.69220E-01,2.05761E-01]]],[[[1.10252E+02,2.06400E+00]],[[4.59460E-01,1.72785E-01]]],[[[1.10234E+02,2.16075E+00]],[[4.72220E-01,