{
  "seed":1089965685,
  "pop":1000,
  "Source_batches":10,
  "Time_increment":1.00000E-05,
  "Time_bins":100,
  "Total_CPU_Time":9.22775E+01,
  "Transport_time":5.76241E+00,
  "batchSize":1,
  "flux_time":{
    "TimeBounds":[[0.00000E+00,1.00000E-05],[1.00000E-05,2.00000E-05],[2.00000E-05,3.00000E-05],[3.00000E-05,4.00000E-05],[4.00000E-05,5.00000E-05],[5.00000E-05,6.00000E-05],[6.00000E-05,7.00000E-05],[7.00000E-05,8.00000E-05],[8.00000E-05,9.00000E-05],[9.00000E-05,1.00000E-04],[1.00000E-04,1.10000E-04],[1.10000E-04,1.20000E-04],[1.20000E-04,1.30000E-04],[1.30000E-04,1.40000E-04],[1.40000E-04,1.50000E-04],[1.50000E-04,1.60000E-04],[1.60000E-04,1.70000E-04],[1.70000E-04,1.80000E-04],[1.80000E-04,1.90000E-04],[1.90000E-04,2.00000E-04],[2.00000E-04,2.10000E-04],[2.10000E-04,2.20000E-04],[2.20000E-04,2.30000E-04],[2.30000E-04,2.40000E-04],[2.40000E-04,2.50000E-04],[2.50000E-04,2.60000E-04],[2.60000E-04,2.70000E-04],[2.70000E-04,2.80000E-04],[2.80000E-04,2.90000E-04],[2.90000E-04,3.00000E-04],[3.00000E-04,3.10000E-04],[3.10000E-04,3.20000E-04],[3.20000E-04,3.30000E-04],[3.30000E-04,3.40000E-04],[3.40000E-04,3.50000E-04],[3.50000E-04,3.60000E-04],[3.60000E-04,3.70000E-04],[3.70000E-04,3.80000E-04],[3.80000E-04,3.90000E-04],[3.90000E-04,4.00000E-04],[4.00000E-04,4.10000E-04],[4.10000E-04,4.20000E-04],[4.20000E-04,4.30000E-04],[4.30000E-04,4.40000E-04],[4.40000E-04,4.50000E-04],[4.50000E-04,4.60000E-04],[4.60000E-04,4.70000E-04],[4.70000E-04,4.80000E-04],[4.80000E-04,4.90000E-04],[4.90000E-04,5.00000E-04],[5.00000E-04,5.10000E-04],[5.10000E-04,5.20000E-04],[5.20000E-04,5.30000E-04],[5.30000E-04,5.40000E-04],[5.40000E-04,5.50000E-04],[5.50000E-04,5.60000E-04],[5.60000E-04,5.70000E-04],[5.70000E-04,5.80000E-04],[5.80000E-04,5.90000E-04],[5.90000E-04,6.00000E-04],[6.00000E-04,6.10000E-04],[6.10000E-04,6.20000E-04],[6.20000E-04,6.30000E-04],[6.30000E-04,6.40000E-04],[6.40000E-04,6.50000E-04],[6.50000E-04,6.60000E-04],[6.60000E-04,6.70000E-04],[6.70000E-04,6.80000E-04],[6.80000E-04,6.90000E-04],[6.90000E-04,7.00000E-04],[7.00000E-04,7.10000E-04],[7.10000E-04,7.20000E-04],[7.20000E-04,7.30000E-04],[7.30000E-04,7.40000E-04],[7.40000E-04,7.50000E-04],[7.50000E-04,7.60000E-04],[7.60000E-04,7.70000E-04],[7.70000E-04,7.80000E-04],[7.80000E-04,7.90000E-04],[7.90000E-04,8.00000E-04],[8.00000E-04,8.10000E-04],[8.10000E-04,8.20000E-04],[8.20000E-04,8.30000E-04],[8.30000E-04,8.40000E-04],[8.40000E-04,8.50000E-04],[8.50000E-04,8.60000E-04],[8.60000E-04,8.70000E-04],[8.70000E-04,8.80000E-04],[8.80000E-04,8.90000E-04],[8.90000E-04,9.00000E-04],[9.00000E-04,9.10000E-04],[9.10000E-04,9.20000E-04],[9.20000E-04,9.30000E-04],[9.30000E-04,9.40000E-04],[9.40000E-04,9.50000E-04],[9.50000E-04,9.60000E-04],[9.60000E-04,9.70000E-04],[9.70000E-04,9.80000E-04],[9.80000E-04,9.90000E-04],[9.90000E-04,1.00000E-03]],
    "Res":[[[1.13354E+04,3.26441E+01]],[[2.14613E+03,1.54750E+01]],[[1.91243E+03,9.58269E+00]],[[1.77957E+03,1.50143E+01]],[[1.66994E+03,7.41596E+00]],[[1.56200E+03,1.58648E+01]],[[1.42145E+03,1.61907E+01]],[[1.29544E+03,1.52963E+01]],[[1.19811E+03,1.40094E+01]],[[1.08746E+03,1.16745E+01]],[[9.95814E+02,1.27318E+01]],[[9.17734E+02,1.28918E+01]],[[8.35232E+02,1.11111E+01]],[[7.56711E+02,8.91184E+00]],[[6.80655E+02,9.11757E+00]],[[6.17911E+02,8.00930E+00]],[[5.64400E+02,7.82322E+00]],[[5.11077E+02,8.11740E+00]],[[4.66098E+02,7.84264E+00]],[[4.22055E+02,5.62449E+00]],[[3.78528E+02,7.92724E+00]],[[3.41759E+02,6.30129E+00]],[[3.12731E+02,5.12053E+00]],[[2.82060E+02,6.34483E+00]],[[2.54750E+02,6.16822E+00]],[[2.32480E+02,5.29147E+00]],[[2.09105E+02,5.26134E+00]],[[1.91036E+02,4.38028E+00]],[[1.71691E+02,4.00864E+00]],[[1.56498E+02,3.79691E+00]],[[1.40920E+02,3.43320E+00]],[[1.27912E+02,3.07758E+00]],[[1.15574E+02,2.91710E+00]],[[1.04246E+02,2.78171E+00]],[[9.35094E+01,2.29711E+00]],[[8.52686E+01,2.04651E+00]],[[7.66369E+01,2.19467E+00]],[[6.93402E+01,2.08834E+00]],[[6.28902E+01,1.80352E+00]],[[5.63732E+01,1.54674E+00]],[[5.11606E+01,1.55499E+00]],[[4.60876E+01,1.31541E+00]],[[4.13099E+01,1.20253E+00]],[[3.78399E+01,1.12148E+00]],[[3.42143E+01,1.09374E+00]],[[3.08493E+01,9.50488E-01]],[[2.78763E+01,8.80176E-01]],[[2.52597E+01,9.14758E-01]],[[2.26647E+01,7.79511E-01]],[[2.05733E+01,6.54557E-01]],[[1.86891E+01,6.72040E-01]],[[1.68373E+01,6.00166E-01]],[[1.52941E+01,5.31937E-01]],[[1.37950E+01,4.85217E-01]],[[1.24577E+01,4.46294E-01]],[[1.12669E+01,3.83436E-01]],[[1.02902E+01,3.15460E-01]],[[9.12812E+00,3.17120E-01]],[[8.33259E+00,2.60145E-01]],[[7.50662E+00,2.48086E-01]],[[6.81619E+00,2.27247E-01]],[[6.16767E+00,1.79391E-01]],[[5.53314E+00,1.67884E-01]],[[5.02828E+00,1.58816E-01]],[[4.56752E+00,1.51752E-01]],[[4.07594E+00,1.28837E-01]],[[3.69725E+00,1.10902E-01]],[[3.34432E+00,1.09182E-01]],[[2.99994E+00,1.01838E-01]],[[2.74298E+00,9.06073E-02]],[[2.47352E+00,7.86798E-02]],[[2.24078E+00,7.52660E-02]],[[2.02262E+00,6.63462E-02]],[[1.83600E+00,5.15085E-02]],[[1.66294E+00,4.61150E-02]],[[1.51824E+00,4.35612E-02]],[[1.36574E+00,4.25954E-02]],[[1.22809E+00,3.80054E-02]],[[1.11000E+00,3.18518E-02]],[[1.00061E+00,3.13107E-02]],[[9.07952E-01,2.92334E-02]],[[8.18317E-01,2.34759E-02]],[[7.39976E-01,2.34554E-02]],[[6.69668E-01,2.01431E-02]],[[6.00806E-01,1.82540E-02]],[[5.39342E-01,1.68908E-02]],[[4.92889E-01,1.90406E-02]],[[4.45943E-01,1.55244E-02]],[[3.99623E-01,1.43435E-02]],[[3.61906E-01,1.27974E-02]],[[3.29832E-01,1.13116E-02]],[[2.95302E-01,9.81099E-03]],[[2.69114E-01,8.64542E-03]],[[2.41645E-01,6.66405E-03]],[[2.17993E-01,6.66296E-03]],[[1.96507E-01,6.30445E-03]],[[1.78567E-01,5.88491E-03]],[[1.60345E-01,5.34293E-03]],[[1.45004E-01,4.97166E-03]],[[1.30988E-01,4.73287E-03]]]
  }
}
