{
  "seed":1782860664,
  "pop":5000,
  "Source_batches":10,
  "Time_increment":1.00000E-07,
  "Time_bins":100,
  "Total_CPU_Time":1.25234E+02,
  "Transport_time":7.80292E+00,
  "batchSize":1,
  "flux_time":{
    "multiMapOrder":["Cell","Time"],
    "CellBins":[["1"],["2"]],
    "TimeBounds":[[0.00000E+00,1.00000E-07],[1.00000E-07,2.00000E-07],[2.00000E-07,3.00000E-07],[3.00000E-07,4.00000E-07],[4.00000E-07,5.00000E-07],[5.00000E-07,6.00000E-07],[6.00000E-07,7.00000E-07],[7.00000E-07,8.00000E-07],[8.00000E-07,9.00000E-07],[9.00000E-07,1.00000E-06],[1.00000E-06,1.10000E-06],[1.10000E-06,1.20000E-06],[1.20000E-06,1.30000E-06],[1.30000E-06,1.40000E-06],[1.40000E-06,1.50000E-06],[1.50000E-06,1.60000E-06],[1.60000E-06,1.70000E-06],[1.70000E-06,1.80000E-06],[1.80000E-06,1.90000E-06],[1.90000E-06,2.00000E-06],[2.00000E-06,2.10000E-06],[2.10000E-06,2.20000E-06],[2.20000E-06,2.30000E-06],[2.30000E-06,2.40000E-06],[2.40000E-06,2.50000E-06],[2.50000E-06,2.60000E-06],[2.60000E-06,2.70000E-06],[2.70000E-06,2.80000E-06],[2.80000E-06,2.90000E-06],[2.90000E-06,3.00000E-06],[3.00000E-06,3.10000E-06],[3.10000E-06,3.20000E-06],[3.20000E-06,3.30000E-06],[3.30000E-06,3.40000E-06],[3.40000E-06,3.50000E-06],[3.50000E-06,3.60000E-06],[3.60000E-06,3.70000E-06],[3.70000E-06,3.80000E-06],[3.80000E-06,3.90000E-06],[3.90000E-06,4.00000E-06],[4.00000E-06,4.10000E-06],[4.10000E-06,4.20000E-06],[4.20000E-06,4.30000E-06],[4.30000E-06,4.40000E-06],[4.40000E-06,4.50000E-06],[4.50000E-06,4.60000E-06],[4.60000E-06,4.70000E-06],[4.70000E-06,4.80000E-06],[4.80000E-06,4.90000E-06],[4.90000E-06,5.00000E-06],[5.00000E-06,5.10000E-06],[5.10000E-06,5.20000E-06],[5.20000E-06,5.30000E-06],[5.30000E-06,5.40000E-06],[5.40000E-06,5.50000E-06],[5.50000E-06,5.60000E-06],[5.60000E-06,5.70000E-06],[5.70000E-06,5.80000E-06],[5.80000E-06,5.90000E-06],[5.90000E-06,6.00000E-06],[6.00000E-06,6.10000E-06],[6.10000E-06,6.20000E-06],[6.20000E-06,6.30000E-06],[6.30000E-06,6.40000E-06],[6.40000E-06,6.50000E-06],[6.50000E-06,6.60000E-06],[6.60000E-06,6.70000E-06],[6.70000E-06,6.80000E-06],[6.80000E-06,6.90000E-06],[6.90000E-06,7.00000E-06],[7.00000E-06,7.10000E-06],[7.10000E-06,7.20000E-06],[7.20000E-06,7.30000E-06],[7.30000E-06,7.40000E-06],[7.40000E-06,7.50000E-06],[7.50000E-06,7.60000E-06],[7.60000E-06,7.70000E-06],[7.70000E-06,7.80000E-06],[7.80000E-06,7.90000E-06],[7.90000E-06,8.00000E-06],[8.00000E-06,8.10000E-06],[8.10000E-06,8.20000E-06],[8.20000E-06,8.30000E-06],[8.30000E-06,8.40000E-06],[8.40000E-06,8.50000E-06],[8.50000E-06,8.60000E-06],[8.60000E-06,8.70000E-06],[8.70000E-06,8.80000E-06],[8.80000E-06,8.90000E-06],[8.90000E-06,9.00000E-06],[9.00000E-06,9.10000E-06],[9.10000E-06,9.20000E-06],[9.20000E-06,9.30000E-06],[9.30000E-06,9.40000E-06],[9.40000E-06,9.50000E-06],[9.50000E-06,9.60000E-06],[9.60000E-06,9.70000E-06],[9.70000E-06,9.80000E-06],[9.80000E-06,9.90000E-06],[9.90000E-06,1.00000E-05]],
    "Res":[[[[1.79258E+04,2.18476E+01]],[[1.20912E+01,1.52787E+00]]],[[[5.32608E+03,2.29743E+01]],[[4.09807E+01,3.40800E+00]]],[[[3.12487E+03,2.36827E+01]],[[2.82344E+01,8.23346E-01]]],[[[2.20003E+03,1.79412E+01]],[[1.74387E+01,8.68702E-01]]],[[[1.74677E+03,1.39365E+01]],[[1.23476E+01,6.64422E-01]]],[[[1.38720E+03,8.37726E+00]],[[8.78459E+00,4.01035E-01]]],[[[1.16978E+03,8.96894E+00]],[[7.17740E+00,3.24939E-01]]],[[[9.98068E+02,1.21964E+01]],[[5.72257E+00,2.47034E-01]]],[[[9.01467E+02,5.24240E+00]],[[5.17056E+00,2.94976E-01]]],[[[7.99843E+02,7.83430E+00]],[[4.39609E+00,2.97913E-01]]],[[[7.11756E+02,9.06079E+00]],[[3.85179E+00,2.00961E-01]]],[[[6.57610E+02,4.49070E+00]],[[3.54332E+00,2.00777E-01]]],[[[6.06975E+02,8.10879E+00]],[[3.15004E+00,1.67546E-01]]],[[[5.50628E+02,6.88586E+00]],[[2.94718E+00,1.30992E-01]]],[[[5.26477E+02,8.87226E+00]],[[2.59498E+00,1.47154E-01]]],[[[4.85575E+02,5.75498E+00]],[[2.50095E+00,9.00327E-02]]],[[[4.58238E+02,6.55077E+00]],[[2.24672E+00,1.29696E-01]]],[[[4.25317E+02,3.82141E+00]],[[2.14218E+00,1.09034E-01]]],[[[4.00980E+02,7.32627E+00]],[[1.93776E+00,1.08817E-01]]],[[[3.99556E+02,6.63903E+00]],[[1.84831E+00,8.86667E-02]]],[[[3.74848E+02,8.47423E+00]],[[1.82067E+00,8.90642E-02]]],[[[3.44557E+02,3.68831E+00]],[[1.63504E+00,7.36828E-02]]],[[[3.26242E+02,7.04512E+00]],[[1.58264E+00,6.46804E-02]]],[[[3.17354E+02,3.81086E+00]],[[1.54754E+00,7.54740E-02]]],[[[3.16568E+02,5.37851E+00]],[[1.40659E+00,7.51502E-02]]],[[[3.02555E+02,6.07338E+00]],[[1.33453E+00,6.57470E-02]]],[[[2.98939E+02,7.15214E+00]],[[1.40299E+00,7.71755E-02]]],[[[2.81514E+02,3.79095E+00]],[[1.24777E+00,6.47645E-02]]],[[[2.57077E+02,4.48060E+00]],[[1.22060E+00,5.85429E-02]]],[[[2.55766E+02,5.25414E+00]],[[1.15089E+00,6.10062E-02]]],[[[2.40339E+02,5.22171E+00]],[[1.16475E+00,6.73514E-02]]],[[[2.54651E+02,5.03913E+00]],[[1.08595E+00,4.45254E-02]]],[[[2.37204E+02,5.14610E+00]],[[1.06583E+00,5.83898E-02]]],[[[2.29673E+02,4.44476E+00]],[[1.09262E+00,6.66747E-02]]],[[[2.27362E+02,5.70995E+00]],[[1.03345E+00,4.02696E-02]]],[[[2.22456E+02,5.09891E+00]],[[9.88168E-01,5.68010E-02]]],[[[2.13115E+02,3.39132E+00]],[[1.06523E+00,6.24508E-02]]],[[[2.18334E+02,3.15900E+00]],[[9.73209E-01,6.40818E-02]]],[[[2.01462E+02,3.17459E+00]],[[8.70933E-01,5.60690E-02]]],[[[1.98890E+02,2.16732E+00]],[[9.00948E-01,5.13812E-02]]],[[[1.95449E+02,4.75644E+00]],[[8.60341E-01,5.44156E-02]]],[[[1.96369E+02,3.55527E+00]],[[8.69987E-01,6.36069E-02]]],[[[1.91857E+02,2.27148E+00]],[[8.62286E-01,4.51040E-02]]],[[[1.84555E+02,3.23467E+00]],[[7.91502E-01,4.31786E-02]]],[[[1.84697E+02,5.59761E+00]],[[7.49922E-01,3.58724E-02]]],[[[1.84570E+02,3.30087E+00]],[[7.76381E-01,3.39905E-02]]],[[[1.79121E+02,3.58366E+00]],[[7.62779E-01,5.25301E-02]]],[[[1.74984E+02,2.46969E+00]],[[7.99766E-01,4.42665E-02]]],[[[1.70985E+02,4.61276E+00]],[[7.64101E-01,2.17503E-02]]],[[[1.80960E+02,4.37415E+00]],[[7.30498E-01,4.87435E-02]]],[[[1.64970E+02,2.56144E+00]],[[7.70069E-01,5.59702E-02]]],[[[1.60467E+02,3.40100E+00]],[[6.95695E-01,4.97865E-02]]],[[[1.59572E+02,4.43625E+00]],[[7.00381E-01,4.47523E-02]]],[[[1.62203E+02,4.30017E+00]],[[7.18844E-01,3.59461E-02]]],[[[1.56783E+02,3.71706E+00]],[[6.91868E-01,4.36475E-02]]],[[[1.59489E+02,3.73844E+00]],[[7.06919E-01,4.30128E-02]]],[[[1.53801E+02,1.92949E+00]],[[6.50575E-01,2.36780E-02]]],[[[1.52424E+02,2.94683E+00]],[[6.77744E-01,3.11262E-02]]],[[[1.49185E+02,3.77031E+00]],[[6.83674E-01,3.78568E-02]]],[[[1.45418E+02,2.61208E+00]],[[6.17362E-01,3.48412E-02]]],[[[1.48847E+02,4.69998E+00]],[[6.32308E-01,2.84691E-02]]],[[[1.48988E+02,3.24346E+00]],[[5.89772E-01,3.20015E-02]]],[[[1.46546E+02,4.86066E+00]],[[6.01857E-01,2.75860E-02]]],[[[1.44613E+02,3.29129E+00]],[[6.03408E-01,3.79660E-02]]],[[[1.34505E+02,1.53361E+00]],[[6.11854E-01,4.40994E-02]]],[[[1.42009E+02,4.38313E+00]],[[5.83878E-01,4.57918E-02]]],[[[1.37067E+02,2.42486E+00]],[[5.76734E-01,4.31980E-02]]],[[[1.29128E+02,3.29188E+00]],[[5.94944E-01,4.85109E-02]]],[[[1.35868E+02,2.01438E+00]],[[6.18938E-01,3.45302E-02]]],[[[1.37044E+02,3.08836E+00]],[[5.85378E-01,4.59281E-02]]],[[[1.35196E+02,3.45577E+00]],[[5.70734E-01,2.94322E-02]]],[[[1.28330E+02,3.66589E+00]],[[6.08042E-01,3.13797E-02]]],[[[1.27390E+02,3.21311E+00]],[[5.51988E-01,3.70584E-02]]],[[[1.29770E+02,3.15625E+00]],[[5.54352E-01,1.98670E-02]]],[[[1.31298E+02,2.85325E+00]],[[5.63690E-01,4.00251E-02]]],[[[1.30826E+02,4.38408E+00]],[[5.37883E-01,2.77390E-02]]],[[[1.32661E+02,3.65957E+00]],[[5.46244E-01,3.68033E-02]]],[[[1.35762E+02,3.72551E+00]],[[5.14055E-01,2.75139E-02]]],[[[1.26225E+02,3.63184E+00]],[[5.46807E-01,2.89325E-02]]],[[[1.22415E+02,3.38336E+00]],[[5.32092E-01,1.68699E-02]]],[[[1.21762E+02,2.56966E+00]],[[5.18521E-01,2.58034E-02]]],[[[1.26119E+02,4.17574E+00]],[[5.30843E-01,2.75248E-02]]],[[[1.19561E+02,1.93957E+00]],[[5.04513E-01,3.18948E-02]]],[[[1.20789E+02,2.49006E+00]],[[5.49984E-01,3.18844E-02]]],[[[1.17864E+02,1.76405E+00]],[[5.05539E-01,2.94087E-02]]],[[[1.21388E+02,2.45197E+00]],[[5.28751E-01,3.42253E-02]]],[[[1.18341E+02,1.45775E+00]],[[5.09732E-01,3.26049E-02]]],[[[1.21588E+02,2.21938E+00]],[[5.06674E-01,