{
  "seed":-1132619217,
  "pop":5000,
  "Source_batches":10,
  "Time_increment":1.00000E-07,
  "Time_bins":100,
  "Total_CPU_Time":1.49809E+02,
  "Transport_time":9.35788E+00,
  "batchSize":1,
  "flux_time":{
    "multiMapOrder":["Cell","Time"],
    "CellBins":[["1"],["2"]],
    "TimeBounds":[[0.00000E+00,1.00000E-07],[1.00000E-07,2.00000E-07],[2.00000E-07,3.00000E-07],[3.00000E-07,4.00000E-07],[4.00000E-07,5.00000E-07],[5.00000E-07,6.00000E-07],[6.00000E-07,7.00000E-07],[7.00000E-07,8.00000E-07],[8.00000E-07,9.00000E-07],[9.00000E-07,1.00000E-06],[1.00000E-06,1.10000E-06],[1.10000E-06,1.20000E-06],[1.20000E-06,1.30000E-06],[1.30000E-06,1.40000E-06],[1.40000E-06,1.50000E-06],[1.50000E-06,1.60000E-06],[1.60000E-06,1.70000E-06],[1.70000E-06,1.80000E-06],[1.80000E-06,1.90000E-06],[1.90000E-06,2.00000E-06],[2.00000E-06,2.10000E-06],[2.10000E-06,2.20000E-06],[2.20000E-06,2.30000E-06],[2.30000E-06,2.40000E-06],[2.40000E-06,2.50000E-06],[2.50000E-06,2.60000E-06],[2.60000E-06,2.70000E-06],[2.70000E-06,2.80000E-06],[2.80000E-06,2.90000E-06],[2.90000E-06,3.00000E-06],[3.00000E-06,3.10000E-06],[3.10000E-06,3.20000E-06],[3.20000E-06,3.30000E-06],[3.30000E-06,3.40000E-06],[3.40000E-06,3.50000E-06],[3.50000E-06,3.60000E-06],[3.60000E-06,3.70000E-06],[3.70000E-06,3.80000E-06],[3.80000E-06,3.90000E-06],[3.90000E-06,4.00000E-06],[4.00000E-06,4.10000E-06],[4.10000E-06,4.20000E-06],[4.20000E-06,4.30000E-06],[4.30000E-06,4.40000E-06],[4.40000E-06,4.50000E-06],[4.50000E-06,4.60000E-06],[4.60000E-06,4.70000E-06],[4.70000E-06,4.80000E-06],[4.80000E-06,4.90000E-06],[4.90000E-06,5.00000E-06],[5.00000E-06,5.10000E-06],[5.10000E-06,5.20000E-06],[5.20000E-06,5.30000E-06],[5.30000E-06,5.40000E-06],[5.40000E-06,5.50000E-06],[5.50000E-06,5.60000E-06],[5.60000E-06,5.70000E-06],[5.70000E-06,5.80000E-06],[5.80000E-06,5.90000E-06],[5.90000E-06,6.00000E-06],[6.00000E-06,6.10000E-06],[6.10000E-06,6.20000E-06],[6.20000E-06,6.30000E-06],[6.30000E-06,6.40000E-06],[6.40000E-06,6.50000E-06],[6.50000E-06,6.60000E-06],[6.60000E-06,6.70000E-06],[6.70000E-06,6.80000E-06],[6.80000E-06,6.90000E-06],[6.90000E-06,7.00000E-06],[7.00000E-06,7.10000E-06],[7.10000E-06,7.20000E-06],[7.20000E-06,7.30000E-06],[7.30000E-06,7.40000E-06],[7.40000E-06,7.50000E-06],[7.50000E-06,7.60000E-06],[7.60000E-06,7.70000E-06],[7.70000E-06,7.80000E-06],[7.80000E-06,7.90000E-06],[7.90000E-06,8.00000E-06],[8.00000E-06,8.10000E-06],[8.10000E-06,8.20000E-06],[8.20000E-06,8.30000E-06],[8.30000E-06,8.40000E-06],[8.40000E-06,8.50000E-06],[8.50000E-06,8.60000E-06],[8.60000E-06,8.70000E-06],[8.70000E-06,8.80000E-06],[8.80000E-06,8.90000E-06],[8.90000E-06,9.00000E-06],[9.00000E-06,9.10000E-06],[9.10000E-06,9.20000E-06],[9.20000E-06,9.30000E-06],[9.30000E-06,9.40000E-06],[9.40000E-06,9.50000E-06],[9.50000E-06,9.60000E-06],[9.60000E-06,9.70000E-06],[9.70000E-06,9.80000E-06],[9.80000E-06,9.90000E-06],[9.90000E-06,1.00000E-05]],
    "Res":[[[[1.79679E+04,2.73390E+01]],[[9.85773E+00,7.05080E-01]]],[[[5.32069E+03,1.68161E+01]],[[3.59936E+01,4.19090E+00]]],[[[3.13022E+03,1.70059E+01]],[[2.57697E+01,2.19447E+00]]],[[[2.21304E+03,1.17221E+01]],[[1.48773E+01,1.03317E+00]]],[[[1.70469E+03,1.32347E+01]],[[1.03213E+01,7.23127E-01]]],[[[1.38924E+03,9.01198E+00]],[[8.44926E+00,6.86837E-01]]],[[[1.15839E+03,1.14896E+01]],[[6.77630E+00,4.50738E-01]]],[[[9.98074E+02,1.07824E+01]],[[5.16928E+00,3.38183E-01]]],[[[8.98968E+02,7.55533E+00]],[[4.43245E+00,4.00593E-01]]],[[[7.95952E+02,7.52024E+00]],[[4.24340E+00,3.28217E-01]]],[[[7.18550E+02,9.07131E+00]],[[3.26349E+00,2.24006E-01]]],[[[6.67270E+02,6.81722E+00]],[[3.41115E+00,3.08918E-01]]],[[[6.00406E+02,7.85594E+00]],[[3.05150E+00,2.45556E-01]]],[[[5.56710E+02,9.27536E+00]],[[2.45870E+00,3.16030E-01]]],[[[5.13238E+02,6.66158E+00]],[[2.56657E+00,2.82759E-01]]],[[[4.77440E+02,7.00368E+00]],[[2.13927E+00,1.87852E-01]]],[[[4.55797E+02,4.07615E+00]],[[2.08875E+00,1.93726E-01]]],[[[4.28444E+02,5.25484E+00]],[[1.88288E+00,1.91694E-01]]],[[[4.00506E+02,5.09907E+00]],[[1.60970E+00,1.48971E-01]]],[[[3.84584E+02,7.97528E+00]],[[1.49544E+00,1.35486E-01]]],[[[3.60703E+02,6.60065E+00]],[[1.59784E+00,2.00220E-01]]],[[[3.44515E+02,3.68456E+00]],[[1.60862E+00,1.25761E-01]]],[[[3.38583E+02,5.93072E+00]],[[1.34278E+00,1.78333E-01]]],[[[3.32068E+02,4.80762E+00]],[[1.33249E+00,9.92513E-02]]],[[[3.05811E+02,4.39691E+00]],[[1.39645E+00,1.47978E-01]]],[[[3.01877E+02,5.37929E+00]],[[1.22474E+00,1.37934E-01]]],[[[2.88327E+02,4.00597E+00]],[[1.34088E+00,1.21060E-01]]],[[[2.77508E+02,6.29178E+00]],[[1.15797E+00,1.26456E-01]]],[[[2.67761E+02,5.30483E+00]],[[1.01652E+00,1.03788E-01]]],[[[2.56960E+02,3.53289E+00]],[[1.10902E+00,1.26858E-01]]],[[[2.53863E+02,4.68954E+00]],[[1.10676E+00,1.45000E-01]]],[[[2.43994E+02,3.42651E+00]],[[1.12409E+00,1.05179E-01]]],[[[2.39193E+02,4.47062E+00]],[[8.42309E-01,9.10338E-02]]],[[[2.31645E+02,5.12060E+00]],[[1.17496E+00,1.37141E-01]]],[[[2.30631E+02,3.90326E+00]],[[9.01681E-01,8.18791E-02]]],[[[2.24533E+02,3.81574E+00]],[[9.40342E-01,8.47640E-02]]],[[[2.16211E+02,4.27569E+00]],[[9.08500E-01,1.17207E-01]]],[[[2.16678E+02,2.46234E+00]],[[8.27753E-01,9.25063E-02]]],[[[2.06845E+02,1.85687E+00]],[[7.89675E-01,6.72439E-02]]],[[[1.96104E+02,4.39467E+00]],[[8.04248E-01,1.20105E-01]]],[[[2.01649E+02,2.50264E+00]],[[7.22485E-01,1.07425E-01]]],[[[1.88606E+02,2.37530E+00]],[[9.12519E-01,1.17909E-01]]],[[[1.87344E+02,3.23434E+00]],[[6.79778E-01,8.46592E-02]]],[[[1.86841E+02,2.68692E+00]],[[7.30417E-01,7.09486E-02]]],[[[1.79776E+02,3.61002E+00]],[[7.22452E-01,7.27913E-02]]],[[[1.76351E+02,1.57356E+00]],[[8.57024E-01,1.33292E-01]]],[[[1.73312E+02,3.25247E+00]],[[6.77277E-01,7.06616E-02]]],[[[1.70720E+02,4.09585E+00]],[[6.57082E-01,8.29808E-02]]],[[[1.67981E+02,1.80130E+00]],[[6.39026E-01,8.62634E-02]]],[[[1.76604E+02,3.40500E+00]],[[6.32838E-01,7.81777E-02]]],[[[1.63152E+02,3.02480E+00]],[[5.72211E-01,7.30187E-02]]],[[[1.62770E+02,1.77351E+00]],[[7.12153E-01,1.18835E-01]]],[[[1.60383E+02,4.81824E+00]],[[7.93778E-01,6.53094E-02]]],[[[1.61075E+02,3.44437E+00]],[[6.55204E-01,8.55982E-02]]],[[[1.58863E+02,3.08481E+00]],[[6.19272E-01,8.16587E-02]]],[[[1.50025E+02,2.56857E+00]],[[5.61501E-01,9.89133E-02]]],[[[1.51466E+02,3.08100E+00]],[[6.09024E-01,8.37436E-02]]],[[[1.47786E+02,2.62407E+00]],[[5.64782E-01,1.14360E-01]]],[[[1.51062E+02,4.68973E+00]],[[5.83718E-01,1.06193E-01]]],[[[1.45007E+02,4.42182E+00]],[[5.96373E-01,5.81641E-02]]],[[[1.47443E+02,2.98489E+00]],[[4.83728E-01,8.30827E-02]]],[[[1.43900E+02,1.69929E+00]],[[5.69030E-01,8.60215E-02]]],[[[1.41267E+02,2.64029E+00]],[[6.25809E-01,9.30026E-02]]],[[[1.43576E+02,2.58127E+00]],[[6.05628E-01,1.02420E-01]]],[[[1.38500E+02,3.49166E+00]],[[7.24559E-01,9.67038E-02]]],[[[1.34671E+02,3.47198E+00]],[[5.05449E-01,9.38036E-02]]],[[[1.37413E+02,3.36137E+00]],[[4.83529E-01,6.71785E-02]]],[[[1.35450E+02,3.47399E+00]],[[4.96399E-01,6.99318E-02]]],[[[1.38178E+02,2.13420E+00]],[[5.73449E-01,5.92964E-02]]],[[[1.37694E+02,2.91438E+00]],[[5.28253E-01,6.59050E-02]]],[[[1.36257E+02,2.30655E+00]],[[4.92802E-01,7.54243E-02]]],[[[1.30906E+02,2.14872E+00]],[[4.61184E-01,7.06665E-02]]],[[[1.26752E+02,3.81070E+00]],[[5.28298E-01,6.02840E-02]]],[[[1.28911E+02,2.15563E+00]],[[5.69185E-01,7.19976E-02]]],[[[1.31486E+02,3.41643E+00]],[[4.55415E-01,5.37002E-02]]],[[[1.29184E+02,2.56110E+00]],[[4.87618E-01,7.58219E-02]]],[[[1.26761E+02,2.06856E+00]],[[4.70154E-01,6.98740E-02]]],[[[1.26423E+02,2.21654E+00]],[[5.26272E-01,7.61094E-02]]],[[[1.19719E+02,2.76453E+00]],[[4.48599E-01,8.93123E-02]]],[[[1.22191E+02,2.61650E+00]],[[4.78228E-01,2.78572E-02]]],[[[1.21755E+02,2.92537E+00]],[[4.52883E-01,3.81412E-02]]],[[[1.21785E+02,2.54593E+00]],[[4.46630E-01,7.43238E-02]]],[[[1.17671E+02,2.84034E+00]],[[5.00605E-01,1.08246E-01]]],[[[1.23371E+02,2.80899E+00]],[[4.57402E-01,6.82456E-02]]],[[[1.21692E+02,2.79993E+00]],[[4.89647E-01,5.54077E-02]]],[[[1.19828E+02,2.85816E+00]],[[4.65052E-01,4.91758E-02]]],[[[1.18949E+02,2.66300E+00]],[[5.30744E-01,6.58904E-02]]],[[[1.14021E+02,2.53048E+00]],[[3.37075E-01,