{
  "seed":86998618,
  "pop":5000,
  "Source_batches":10,
  "Time_increment":1.00000E-07,
  "Time_bins":100,
  "Total_CPU_Time":8.80494E+01,
  "Transport_time":5.49861E+00,
  "batchSize":1,
  "flux_time":{
    "multiMapOrder":["Cell","Time"],
    "CellBins":[["1"],["2"]],
    "TimeBounds":[[0.00000E+00,1.00000E-07],[1.00000E-07,2.00000E-07],[2.00000E-07,3.00000E-07],[3.00000E-07,4.00000E-07],[4.00000E-07,5.00000E-07],[5.00000E-07,6.00000E-07],[6.00000E-07,7.00000E-07],[7.00000E-07,8.00000E-07],[8.00000E-07,9.00000E-07],[9.00000E-07,1.00000E-06],[1.00000E-06,1.10000E-06],[1.10000E-06,1.20000E-06],[1.20000E-06,1.30000E-06],[1.30000E-06,1.40000E-06],[1.40000E-06,1.50000E-06],[1.50000E-06,1.60000E-06],[1.60000E-06,1.70000E-06],[1.70000E-06,1.80000E-06],[1.80000E-06,1.90000E-06],[1.90000E-06,2.00000E-06],[2.00000E-06,2.10000E-06],[2.10000E-06,2.20000E-06],[2.20000E-06,2.30000E-06],[2.30000E-06,2.40000E-06],[2.40000E-06,2.50000E-06],[2.50000E-06,2.60000E-06],[2.60000E-06,2.70000E-06],[2.70000E-06,2.80000E-06],[2.80000E-06,2.90000E-06],[2.90000E-06,3.00000E-06],[3.00000E-06,3.10000E-06],[3.10000E-06,3.20000E-06],[3.20000E-06,3.30000E-06],[3.30000E-06,3.40000E-06],[3.40000E-06,3.50000E-06],[3.50000E-06,3.60000E-06],[3.60000E-06,3.70000E-06],[3.70000E-06,3.80000E-06],[3.80000E-06,3.90000E-06],[3.90000E-06,4.00000E-06],[4.00000E-06,4.10000E-06],[4.10000E-06,4.20000E-06],[4.20000E-06,4.30000E-06],[4.30000E-06,4.40000E-06],[4.40000E-06,4.50000E-06],[4.50000E-06,4.60000E-06],[4.60000E-06,4.70000E-06],[4.70000E-06,4.80000E-06],[4.80000E-06,4.90000E-06],[4.90000E-06,5.00000E-06],[5.00000E-06,5.10000E-06],[5.10000E-06,5.20000E-06],[5.20000E-06,5.30000E-06],[5.30000E-06,5.40000E-06],[5.40000E-06,5.50000E-06],[5.50000E-06,5.60000E-06],[5.60000E-06,5.70000E-06],[5.70000E-06,5.80000E-06],[5.80000E-06,5.90000E-06],[5.90000E-06,6.00000E-06],[6.00000E-06,6.10000E-06],[6.10000E-06,6.20000E-06],[6.20000E-06,6.30000E-06],[6.30000E-06,6.40000E-06],[6.40000E-06,6.50000E-06],[6.50000E-06,6.60000E-06],[6.60000E-06,6.70000E-06],[6.70000E-06,6.80000E-06],[6.80000E-06,6.90000E-06],[6.90000E-06,7.00000E-06],[7.00000E-06,7.10000E-06],[7.10000E-06,7.20000E-06],[7.20000E-06,7.30000E-06],[7.30000E-06,7.40000E-06],[7.40000E-06,7.50000E-06],[7.50000E-06,7.60000E-06],[7.60000E-06,7.70000E-06],[7.70000E-06,7.80000E-06],[7.80000E-06,7.90000E-06],[7.90000E-06,8.00000E-06],[8.00000E-06,8.10000E-06],[8.10000E-06,8.20000E-06],[8.20000E-06,8.30000E-06],[8.30000E-06,8.40000E-06],[8.40000E-06,8.50000E-06],[8.50000E-06,8.60000E-06],[8.60000E-06,8.70000E-06],[8.70000E-06,8.80000E-06],[8.80000E-06,8.90000E-06],[8.90000E-06,9.00000E-06],[9.00000E-06,9.10000E-06],[9.10000E-06,9.20000E-06],[9.20000E-06,9.30000E-06],[9.30000E-06,9.40000E-06],[9.40000E-06,9.50000E-06],[9.50000E-06,9.60000E-06],[9.60000E-06,9.70000E-06],[9.70000E-06,9.80000E-06],[9.80000E-06,9.90000E-06],[9.90000E-06,1.00000E-05]],
    "Res":[[[[1.79654E+04,4.16988E+01]],[[8.48255E+00,1.25935E+00]]],[[[5.35186E+03,1.66620E+01]],[[3.44899E+01,2.36506E+00]]],[[[3.15476E+03,1.58246E+01]],[[2.19001E+01,1.63364E+00]]],[[[2.24044E+03,1.54189E+01]],[[1.61851E+01,1.56918E+00]]],[[[1.70853E+03,1.37896E+01]],[[1.13599E+01,1.63116E+00]]],[[[1.37748E+03,1.13973E+01]],[[9.96634E+00,9.84838E-01]]],[[[1.18083E+03,8.71849E+00]],[[5.92344E+00,4.61238E-01]]],[[[1.01038E+03,1.10064E+01]],[[4.71117E+00,8.17083E-01]]],[[[8.70387E+02,9.83276E+00]],[[4.13455E+00,4.51171E-01]]],[[[7.94077E+02,8.99619E+00]],[[4.56031E+00,5.44521E-01]]],[[[7.12667E+02,5.93998E+00]],[[3.15296E+00,4.22528E-01]]],[[[6.63385E+02,4.66633E+00]],[[3.35753E+00,3.40486E-01]]],[[[5.99444E+02,4.66389E+00]],[[2.56660E+00,3.47452E-01]]],[[[5.53053E+02,5.51423E+00]],[[2.48081E+00,2.96187E-01]]],[[[5.23887E+02,8.19302E+00]],[[2.47004E+00,3.83917E-01]]],[[[4.82588E+02,5.16382E+00]],[[1.94429E+00,2.79691E-01]]],[[[4.45967E+02,6.01328E+00]],[[1.77887E+00,4.06629E-01]]],[[[4.17565E+02,7.61722E+00]],[[1.97710E+00,4.49580E-01]]],[[[4.10371E+02,9.77762E+00]],[[2.27221E+00,5.42378E-01]]],[[[3.95449E+02,3.16836E+00]],[[1.53147E+00,2.56163E-01]]],[[[3.72731E+02,4.41701E+00]],[[1.08878E+00,3.10515E-01]]],[[[3.61316E+02,7.67007E+00]],[[1.25904E+00,3.41651E-01]]],[[[3.37452E+02,5.97350E+00]],[[1.17737E+00,2.06628E-01]]],[[[3.16564E+02,4.56626E+00]],[[1.31713E+00,2.18599E-01]]],[[[3.07600E+02,2.94847E+00]],[[7.13864E-01,2.11601E-01]]],[[[3.03916E+02,5.47735E+00]],[[1.14640E+00,4.62348E-01]]],[[[2.82555E+02,3.49386E+00]],[[1.39291E+00,3.96300E-01]]],[[[2.80336E+02,4.21221E+00]],[[1.05199E+00,2.88970E-01]]],[[[2.64241E+02,4.74983E+00]],[[1.09908E+00,2.73260E-01]]],[[[2.56479E+02,3.04556E+00]],[[1.07945E+00,2.86719E-01]]],[[[2.50141E+02,5.02513E+00]],[[1.44064E+00,3.28302E-01]]],[[[2.45673E+02,2.89613E+00]],[[5.28995E-01,1.98479E-01]]],[[[2.32863E+02,3.44502E+00]],[[1.05165E+00,3.35217E-01]]],[[[2.34005E+02,2.61410E+00]],[[8.77058E-01,3.12567E-01]]],[[[2.30136E+02,3.25845E+00]],[[7.33019E-01,2.34230E-01]]],[[[2.24557E+02,3.02433E+00]],[[1.06976E+00,2.21472E-01]]],[[[2.13258E+02,3.41244E+00]],[[1.00492E+00,2.31874E-01]]],[[[2.06536E+02,1.72578E+00]],[[8.07301E-01,2.14438E-01]]],[[[2.01015E+02,3.49311E+00]],[[2.77300E-01,1.53955E-01]]],[[[1.94120E+02,3.37041E+00]],[[5.03430E-01,1.59612E-01]]],[[[1.98804E+02,2.66179E+00]],[[9.02555E-01,2.45440E-01]]],[[[1.96130E+02,3.02383E+00]],[[4.96804E-01,1.49720E-01]]],[[[1.88980E+02,4.41332E+00]],[[3.79400E-01,1.69299E-01]]],[[[1.85844E+02,2.63301E+00]],[[6.07374E-01,2.75441E-01]]],[[[1.85435E+02,3.51045E+00]],[[8.08742E-01,1.75173E-01]]],[[[1.82110E+02,5.01433E+00]],[[7.60207E-01,2.40455E-01]]],[[[1.82167E+02,2.14085E+00]],[[6.20122E-01,2.38225E-01]]],[[[1.76199E+02,2.75008E+00]],[[8.30648E-01,2.29767E-01]]],[[[1.67368E+02,3.63261E+00]],[[3.51835E-01,1.00263E-01]]],[[[1.64797E+02,1.87934E+00]],[[9.34553E-01,1.86001E-01]]],[[[1.62236E+02,3.43218E+00]],[[4.24348E-01,1.38367E-01]]],[[[1.67544E+02,3.94152E+00]],[[5.34407E-01,2.40903E-01]]],[[[1.67904E+02,2.31130E+00]],[[5.79607E-01,1.46086E-01]]],[[[1.54678E+02,1.83914E+00]],[[6.83048E-01,1.64604E-01]]],[[[1.57924E+02,4.35282E+00]],[[6.29073E-01,2.27720E-01]]],[[[1.51424E+02,3.19619E+00]],[[6.06190E-01,1.80650E-01]]],[[[1.59404E+02,2.41372E+00]],[[6.54557E-01,1.28422E-01]]],[[[1.46663E+02,3.01513E+00]],[[4.01617E-01,1.80374E-01]]],[[[1.50330E+02,3.62635E+00]],[[4.39782E-01,2.04071E-01]]],[[[1.44149E+02,2.99689E+00]],[[4.84132E-01,1.49040E-01]]],[[[1.42404E+02,2.24207E+00]],[[4.80100E-01,1.22863E-01]]],[[[1.48012E+02,3.01505E+00]],[[5.61981E-01,1.44860E-01]]],[[[1.47783E+02,1.98728E+00]],[[5.21504E-01,1.81525E-01]]],[[[1.40563E+02,3.17810E+00]],[[6.35442E-01,3.09439E-01]]],[[[1.40485E+02,3.41683E+00]],[[4.99711E-01,1.03060E-01]]],[[[1.39940E+02,2.35411E+00]],[[4.33577E-01,1.09840E-01]]],[[[1.42152E+02,2.84599E+00]],[[1.76458E-01,9.03982E-02]]],[[[1.40598E+02,2.25826E+00]],[[2.94509E-01,8.68407E-02]]],[[[1.32165E+02,3.21298E+00]],[[3.28819E-01,9.48669E-02]]],[[[1.35846E+02,2.45539E+00]],[[3.98561E-01,1.53625E-01]]],[[[1.32861E+02,2.05862E+00]],[[5.39169E-01,1.35549E-01]]],[[[1.31475E+02,1.99825E+00]],[[4.56095E-01,1.57990E-01]]],[[[1.28548E+02,2.14409E+00]],[[5.10213E-01,2.34122E-01]]],[[[1.29172E+02,3.65575E+00]],[[5.90624E-01,1.20434E-01]]],[[[1.30178E+02,2.00810E+00]],[[5.46831E-01,1.70394E-01]]],[[[1.28743E+02,2.66128E+00]],[[6.36012E-01,1.93911E-01]]],[[[1.27202E+02,3.38123E+00]],[[6.04080E-01,1.50088E-01]]],[[[1.24443E+02,2.28969E+00]],[[6.89903E-01,1.61826E-01]]],[[[1.19959E+02,2.58887E+00]],[[6.35375E-01,2.09123E-01]]],[[[1.25147E+02,1.36093E+00]],[[1.72155E-01,8.81907E-02]]],[[[1.22727E+02,3.28207E+00]],[[6.43437E-01,2.03813E-01]]],[[[1.25536E+02,2.60979E+00]],[[8.48397E-01,2.31295E-01]]],[[[1.19870E+02,2.05319E+00]],[[6.56431E-01,2.23534E-01]]],[[[1.23312E+02,1.87352E+00]],[[3.99539E-01,1.45422E-01]]],[[[1.22851E+02,2.31186E+00]],[[4.20493E-01,1.34287E-01]]],[[[1.19248E+02,2.62169E+00]],[[3.34177E-01,1.72514E-01]]],[[[1.16712E+02,2.14053E+00]],[[5.93704E-01,1.65675E-01]]],[[[1.16943E+02,3.82823E+00]],[[5.05125E-01,