{
  "seed":1713600645,
  "pop":50000,
  "Source_batches":50,
  "Time_increment":1.00000E-05,
  "Time_bins":100,
  "Total_CPU_Time":2.55572E+02,
  "Transport_time":1.59990E+01,
  "batchSize":1,
  "flux_time":{
    "TimeBounds":[[0.00000E+00,1.00000E-05],[1.00000E-05,2.00000E-05],[2.00000E-05,3.00000E-05],[3.00000E-05,4.00000E-05],[4.00000E-05,5.00000E-05],[5.00000E-05,6.00000E-05],[6.00000E-05,7.00000E-05],[7.00000E-05,8.00000E-05],[8.00000E-05,9.00000E-05],[9.00000E-05,1.00000E-04],[1.00000E-04,1.10000E-04],[1.10000E-04,1.20000E-04],[1.20000E-04,1.30000E-04],[1.30000E-04,1.40000E-04],[1.40000E-04,1.50000E-04],[1.50000E-04,1.60000E-04],[1.60000E-04,1.70000E-04],[1.70000E-04,1.80000E-04],[1.80000E-04,1.90000E-04],[1.90000E-04,2.00000E-04],[2.00000E-04,2.10000E-04],[2.10000E-04,2.20000E-04],[2.20000E-04,2.30000E-04],[2.30000E-04,2.40000E-04],[2.40000E-04,2.50000E-04],[2.50000E-04,2.60000E-04],[2.60000E-04,2.70000E-04],[2.70000E-04,2.80000E-04],[2.80000E-04,2.90000E-04],[2.90000E-04,3.00000E-04],[3.00000E-04,3.10000E-04],[3.10000E-04,3.20000E-04],[3.20000E-04,3.30000E-04],[3.30000E-04,3.40000E-04],[3.40000E-04,3.50000E-04],[3.50000E-04,3.60000E-04],[3.60000E-04,3.70000E-04],[3.70000E-04,3.80000E-04],[3.80000E-04,3.90000E-04],[3.90000E-04,4.00000E-04],[4.00000E-04,4.10000E-04],[4.10000E-04,4.20000E-04],[4.20000E-04,4.30000E-04],[4.30000E-04,4.40000E-04],[4.40000E-04,4.50000E-04],[4.50000E-04,4.60000E-04],[4.60000E-04,4.70000E-04],[4.70000E-04,4.80000E-04],[4.80000E-04,4.90000E-04],[4.90000E-04,5.00000E-04],[5.00000E-04,5.10000E-04],[5.10000E-04,5.20000E-04],[5.20000E-04,5.30000E-04],[5.30000E-04,5.40000E-04],[5.40000E-04,5.50000E-04],[5.50000E-04,5.60000E-04],[5.60000E-04,5.70000E-04],[5.70000E-04,5.80000E-04],[5.80000E-04,5.90000E-04],[5.90000E-04,6.00000E-04],[6.00000E-04,6.10000E-04],[6.10000E-04,6.20000E-04],[6.20000E-04,6.30000E-04],[6.30000E-04,6.40000E-04],[6.40000E-04,6.50000E-04],[6.50000E-04,6.60000E-04],[6.60000E-04,6.70000E-04],[6.70000E-04,6.80000E-04],[6.80000E-04,6.90000E-04],[6.90000E-04,7.00000E-04],[7.00000E-04,7.10000E-04],[7.10000E-04,7.20000E-04],[7.20000E-04,7.30000E-04],[7.30000E-04,7.40000E-04],[7.40000E-04,7.50000E-04],[7.50000E-04,7.60000E-04],[7.60000E-04,7.70000E-04],[7.70000E-04,7.80000E-04],[7.80000E-04,7.90000E-04],[7.90000E-04,8.00000E-04],[8.00000E-04,8.10000E-04],[8.10000E-04,8.20000E-04],[8.20000E-04,8.30000E-04],[8.30000E-04,8.40000E-04],[8.40000E-04,8.50000E-04],[8.50000E-04,8.60000E-04],[8.60000E-04,8.70000E-04],[8.70000E-04,8.80000E-04],[8.80000E-04,8.90000E-04],[8.90000E-04,9.00000E-04],[9.00000E-04,9.10000E-04],[9.10000E-04,9.20000E-04],[9.20000E-04,9.30000E-04],[9.30000E-04,9.40000E-04],[9.40000E-04,9.50000E-04],[9.50000E-04,9.60000E-04],[9.60000E-04,9.70000E-04],[9.70000E-04,9.80000E-04],[9.80000E-04,9.90000E-04],[9.90000E-04,1.00000E-03]],
    "Res":[[[5.79140E+05,8.85487E+01]],[[1.13968E+05,4.82775E+01]],[[1.02514E+05,4.10819E+01]],[[9.51479E+04,5.15342E+01]],[[8.82046E+04,4.72363E+01]],[[8.16438E+04,4.60822E+01]],[[7.52846E+04,4.52251E+01]],[[6.92904E+04,4.20792E+01]],[[6.35642E+04,4.38528E+01]],[[5.82775E+04,4.11122E+01]],[[5.33705E+04,4.08984E+01]],[[4.86957E+04,4.49799E+01]],[[4.44574E+04,4.47708E+01]],[[4.05420E+04,4.34465E+01]],[[3.69029E+04,4.31459E+01]],[[3.36509E+04,4.07627E+01]],[[3.05940E+04,3.77121E+01]],[[2.78055E+04,3.53230E+01]],[[2.51956E+04,3.42466E+01]],[[2.29066E+04,3.63437E+01]],[[2.07909E+04,3.49696E+01]],[[1.88661E+04,3.64877E+01]],[[1.71067E+04,3.32884E+01]],[[1.55259E+04,2.90761E+01]],[[1.40595E+04,3.16989E+01]],[[1.27729E+04,2.64747E+01]],[[1.15762E+04,2.74077E+01]],[[1.04997E+04,2.60303E+01]],[[9.49695E+03,2.25003E+01]],[[8.58888E+03,2.37218E+01]],[[7.76658E+03,2.43577E+01]],[[7.02996E+03,2.44923E+01]],[[6.39223E+03,2.25841E+01]],[[5.78750E+03,1.80180E+01]],[[5.24768E+03,1.81143E+01]],[[4.75091E+03,1.70354E+01]],[[4.29520E+03,1.37185E+01]],[[3.89054E+03,1.55115E+01]],[[3.52310E+03,1.41000E+01]],[[3.17709E+03,1.26287E+01]],[[2.87781E+03,1.30396E+01]],[[2.60070E+03,1.20095E+01]],[[2.36113E+03,1.23035E+01]],[[2.13083E+03,1.00015E+01]],[[1.93296E+03,1.04263E+01]],[[1.74525E+03,8.21621E+00]],[[1.57276E+03,9.17008E+00]],[[1.42820E+03,9.10647E+00]],[[1.29112E+03,8.08440E+00]],[[1.16637E+03,7.63964E+00]],[[1.06491E+03,8.39214E+00]],[[9.53103E+02,7.14117E+00]],[[8.64264E+02,7.42217E+00]],[[7.88159E+02,7.15604E+00]],[[7.05717E+02,7.08819E+00]],[[6.38003E+02,6.72369E+00]],[[5.78994E+02,5.47364E+00]],[[5.29029E+02,6.15259E+00]],[[4.79949E+02,5.75506E+00]],[[4.27438E+02,5.49329E+00]],[[3.89058E+02,5.20129E+00]],[[3.54358E+02,4.36737E+00]],[[3.17077E+02,4.39034E+00]],[[2.88006E+02,4.42111E+00]],[[2.61521E+02,4.19793E+00]],[[2.33293E+02,3.82718E+00]],[[2.09414E+02,3.55523E+00]],[[1.89558E+02,3.53229E+00]],[[1.74639E+02,3.27048E+00]],[[1.57826E+02,3.15323E+00]],[[1.38660E+02,3.26565E+00]],[[1.25931E+02,3.11761E+00]],[[1.11547E+02,2.64108E+00]],[[1.03091E+02,2.64528E+00]],[[9.18174E+01,2.67920E+00]],[[8.34306E+01,2.54918E+00]],[[7.59976E+01,2.44557E+00]],[[6.80331E+01,2.29169E+00]],[[6.12724E+01,2.03214E+00]],[[5.50351E+01,1.69365E+00]],[[5.19197E+01,1.76943E+00]],[[4.56330E+01,1.58870E+00]],[[4.18295E+01,1.50855E+00]],[[3.64308E+01,1.41557E+00]],[[3.42172E+01,1.33047E+00]],[[3.00404E+01,1.26025E+00]],[[2.78438E+01,1.14554E+00]],[[2.63878E+01,1.17685E+00]],[[2.37154E+01,1.28875E+00]],[[2.11501E+01,1.18204E+00]],[[1.90068E+01,9.80759E-01]],[[1.75504E+01,1.09445E+00]],[[1.53976E+01,9.04339E-01]],[[1.36996E+01,7.85918E-01]],[[1.25266E+01,9.28692E-01]],[[1.14249E+01,9.34449E-01]],[[1.00873E+01,7.39655E-01]],[[9.27888E+00,7.18103E-01]],[[8.30223E+00,8.00752E-01]],[[7.58918E+00,7.15088E-01]]]
  }
}
