{
  "seed":-1328955653,
  "pop":5000,
  "Source_batches":10,
  "Time_increment":1.00000E-07,
  "Time_bins":100,
  "Total_CPU_Time":1.09809E+02,
  "Transport_time":1.36901E+01,
  "batchSize":1,
  "flux_time":{
    "multiMapOrder":["Cell","Time"],
    "CellBins":[["1"],["2"]],
    "TimeBounds":[[0.00000E+00,1.00000E-07],[1.00000E-07,2.00000E-07],[2.00000E-07,3.00000E-07],[3.00000E-07,4.00000E-07],[4.00000E-07,5.00000E-07],[5.00000E-07,6.00000E-07],[6.00000E-07,7.00000E-07],[7.00000E-07,8.00000E-07],[8.00000E-07,9.00000E-07],[9.00000E-07,1.00000E-06],[1.00000E-06,1.10000E-06],[1.10000E-06,1.20000E-06],[1.20000E-06,1.30000E-06],[1.30000E-06,1.40000E-06],[1.40000E-06,1.50000E-06],[1.50000E-06,1.60000E-06],[1.60000E-06,1.70000E-06],[1.70000E-06,1.80000E-06],[1.80000E-06,1.90000E-06],[1.90000E-06,2.00000E-06],[2.00000E-06,2.10000E-06],[2.10000E-06,2.20000E-06],[2.20000E-06,2.30000E-06],[2.30000E-06,2.40000E-06],[2.40000E-06,2.50000E-06],[2.50000E-06,2.60000E-06],[2.60000E-06,2.70000E-06],[2.70000E-06,2.80000E-06],[2.80000E-06,2.90000E-06],[2.90000E-06,3.00000E-06],[3.00000E-06,3.10000E-06],[3.10000E-06,3.20000E-06],[3.20000E-06,3.30000E-06],[3.30000E-06,3.40000E-06],[3.40000E-06,3.50000E-06],[3.50000E-06,3.60000E-06],[3.60000E-06,3.70000E-06],[3.70000E-06,3.80000E-06],[3.80000E-06,3.90000E-06],[3.90000E-06,4.00000E-06],[4.00000E-06,4.10000E-06],[4.10000E-06,4.20000E-06],[4.20000E-06,4.30000E-06],[4.30000E-06,4.40000E-06],[4.40000E-06,4.50000E-06],[4.50000E-06,4.60000E-06],[4.60000E-06,4.70000E-06],[4.70000E-06,4.80000E-06],[4.80000E-06,4.90000E-06],[4.90000E-06,5.00000E-06],[5.00000E-06,5.10000E-06],[5.10000E-06,5.20000E-06],[5.20000E-06,5.30000E-06],[5.30000E-06,5.40000E-06],[5.40000E-06,5.50000E-06],[5.50000E-06,5.60000E-06],[5.60000E-06,5.70000E-06],[5.70000E-06,5.80000E-06],[5.80000E-06,5.90000E-06],[5.90000E-06,6.00000E-06],[6.00000E-06,6.10000E-06],[6.10000E-06,6.20000E-06],[6.20000E-06,6.30000E-06],[6.30000E-06,6.40000E-06],[6.40000E-06,6.50000E-06],[6.50000E-06,6.60000E-06],[6.60000E-06,6.70000E-06],[6.70000E-06,6.80000E-06],[6.80000E-06,6.90000E-06],[6.90000E-06,7.00000E-06],[7.00000E-06,7.10000E-06],[7.10000E-06,7.20000E-06],[7.20000E-06,7.30000E-06],[7.30000E-06,7.40000E-06],[7.40000E-06,7.50000E-06],[7.50000E-06,7.60000E-06],[7.60000E-06,7.70000E-06],[7.70000E-06,7.80000E-06],[7.80000E-06,7.90000E-06],[7.90000E-06,8.00000E-06],[8.00000E-06,8.10000E-06],[8.10000E-06,8.20000E-06],[8.20000E-06,8.30000E-06],[8.30000E-06,8.40000E-06],[8.40000E-06,8.50000E-06],[8.50000E-06,8.60000E-06],[8.60000E-06,8.70000E-06],[8.70000E-06,8.80000E-06],[8.80000E-06,8.90000E-06],[8.90000E-06,9.00000E-06],[9.00000E-06,9.10000E-06],[9.10000E-06,9.20000E-06],[9.20000E-06,9.30000E-06],[9.30000E-06,9.40000E-06],[9.40000E-06,9.50000E-06],[9.50000E-06,9.60000E-06],[9.60000E-06,9.70000E-06],[9.70000E-06,9.80000E-06],[9.80000E-06,9.90000E-06],[9.90000E-06,1.00000E-05]],
    "Res":[[[[1.80046E+04,3.25996E+01]],[[9.60721E+00,1.62386E+00]]],[[[5.36281E+03,2.38693E+01]],[[3.89360E+01,2.76518E+00]]],[[[3.11074E+03,1.97878E+01]],[[2.53541E+01,1.01167E+00]]],[[[2.21605E+03,1.76947E+01]],[[1.66042E+01,1.51648E+00]]],[[[1.71689E+03,1.27243E+01]],[[1.18572E+01,9.49118E-01]]],[[[1.38480E+03,1.13340E+01]],[[7.97487E+00,7.32257E-01]]],[[[1.17709E+03,1.13745E+01]],[[6.48000E+00,6.08500E-01]]],[[[1.02194E+03,7.80852E+00]],[[5.04941E+00,6.02130E-01]]],[[[8.77605E+02,1.02061E+01]],[[4.02386E+00,3.42644E-01]]],[[[8.03303E+02,6.52633E+00]],[[3.75810E+00,5.16661E-01]]],[[[7.18025E+02,1.06053E+01]],[[3.46665E+00,3.12490E-01]]],[[[6.68617E+02,5.71881E+00]],[[3.14194E+00,4.90272E-01]]],[[[5.91962E+02,5.78091E+00]],[[2.57829E+00,3.25233E-01]]],[[[5.66009E+02,8.24657E+00]],[[2.40149E+00,3.01260E-01]]],[[[5.20330E+02,4.74226E+00]],[[2.41343E+00,2.75359E-01]]],[[[4.89319E+02,4.06856E+00]],[[1.72357E+00,2.16508E-01]]],[[[4.54818E+02,5.34239E+00]],[[1.93625E+00,2.55045E-01]]],[[[4.27150E+02,6.93850E+00]],[[2.24173E+00,2.78454E-01]]],[[[4.06181E+02,4.84551E+00]],[[2.28550E+00,3.01373E-01]]],[[[3.94823E+02,2.85585E+00]],[[2.13321E+00,3.37259E-01]]],[[[3.68957E+02,4.15478E+00]],[[1.95444E+00,1.44282E-01]]],[[[3.47104E+02,5.14309E+00]],[[1.42139E+00,2.62029E-01]]],[[[3.33461E+02,2.84183E+00]],[[1.17385E+00,2.48933E-01]]],[[[3.25052E+02,4.85922E+00]],[[1.64882E+00,2.29125E-01]]],[[[3.09589E+02,4.19084E+00]],[[1.32328E+00,1.72733E-01]]],[[[2.90664E+02,5.85463E+00]],[[1.73842E+00,1.87965E-01]]],[[[2.90015E+02,4.04720E+00]],[[1.28229E+00,1.73569E-01]]],[[[2.74587E+02,5.45545E+00]],[[1.18558E+00,1.50306E-01]]],[[[2.65264E+02,4.77818E+00]],[[1.22618E+00,1.70815E-01]]],[[[2.53456E+02,5.52450E+00]],[[1.16234E+00,1.77843E-01]]],[[[2.49431E+02,3.68409E+00]],[[1.00380E+00,1.47167E-01]]],[[[2.41763E+02,4.00059E+00]],[[9.87794E-01,1.06072E-01]]],[[[2.36818E+02,5.40037E+00]],[[9.03851E-01,1.24859E-01]]],[[[2.27009E+02,4.39103E+00]],[[1.27561E+00,1.82520E-01]]],[[[2.20069E+02,3.86062E+00]],[[9.65710E-01,1.79277E-01]]],[[[2.20507E+02,4.11849E+00]],[[8.01589E-01,1.46653E-01]]],[[[2.16858E+02,4.82167E+00]],[[7.48384E-01,1.21431E-01]]],[[[2.11997E+02,4.01427E+00]],[[8.08811E-01,9.19982E-02]]],[[[2.05492E+02,5.50110E+00]],[[8.87569E-01,1.24711E-01]]],[[[2.05063E+02,2.75923E+00]],[[7.63673E-01,1.16767E-01]]],[[[1.92566E+02,4.26159E+00]],[[8.25555E-01,1.16353E-01]]],[[[1.91760E+02,4.24693E+00]],[[8.49810E-01,1.41434E-01]]],[[[1.86706E+02,2.22421E+00]],[[7.78579E-01,9.52938E-02]]],[[[1.85778E+02,2.56496E+00]],[[7.41096E-01,1.43201E-01]]],[[[1.79349E+02,2.67220E+00]],[[9.28125E-01,1.77894E-01]]],[[[1.82081E+02,2.21581E+00]],[[5.88970E-01,1.28427E-01]]],[[[1.76866E+02,3.49290E+00]],[[8.01122E-01,1.58064E-01]]],[[[1.75821E+02,2.82687E+00]],[[6.37078E-01,1.17071E-01]]],[[[1.73996E+02,2.59271E+00]],[[8.70490E-01,1.35695E-01]]],[[[1.64923E+02,2.34651E+00]],[[6.69548E-01,8.86014E-02]]],[[[1.59600E+02,2.92236E+00]],[[6.15650E-01,1.18412E-01]]],[[[1.65970E+02,2.62596E+00]],[[4.78609E-01,1.06227E-01]]],[[[1.61380E+02,2.47208E+00]],[[7.75433E-01,1.29660E-01]]],[[[1.57697E+02,3.98907E+00]],[[6.05953E-01,1.21908E-01]]],[[[1.56415E+02,2.21492E+00]],[[7.44253E-01,1.06495E-01]]],[[[1.58990E+02,1.90815E+00]],[[5.49524E-01,1.06267E-01]]],[[[1.54530E+02,3.04817E+00]],[[5.25232E-01,1.08931E-01]]],[[[1.51140E+02,2.75735E+00]],[[7.35653E-01,9.91302E-02]]],[[[1.44692E+02,2.18056E+00]],[[6.31798E-01,1.28720E-01]]],[[[1.45913E+02,2.59964E+00]],[[5.76548E-01,7.48294E-02]]],[[[1.48319E+02,2.67989E+00]],[[5.52975E-01,9.09797E-02]]],[[[1.38020E+02,1.97288E+00]],[[5.17295E-01,7.30130E-02]]],[[[1.39882E+02,2.93784E+00]],[[6.69738E-01,1.02972E-01]]],[[[1.40685E+02,2.91569E+00]],[[4.79824E-01,8.43027E-02]]],[[[1.40859E+02,2.09882E+00]],[[6.07656E-01,9.77563E-02]]],[[[1.37368E+02,2.04660E+00]],[[5.70631E-01,1.08246E-01]]],[[[1.33376E+02,1.94822E+00]],[[5.46924E-01,1.03163E-01]]],[[[1.30127E+02,1.34855E+00]],[[5.55811E-01,1.10833E-01]]],[[[1.28040E+02,2.23031E+00]],[[4.42708E-01,8.89582E-02]]],[[[1.34198E+02,3.77091E+00]],[[3.88374E-01,8.13730E-02]]],[[[1.30963E+02,2.27325E+00]],[[3.96141E-01,7.31134E-02]]],[[[1.31025E+02,2.88320E+00]],[[3.72930E-01,1.03156E-01]]],[[[1.30014E+02,1.79620E+00]],[[4.22938E-01,7.45839E-02]]],[[[1.34106E+02,1.66713E+00]],[[5.48721E-01,7.18251E-02]]],[[[1.22203E+02,2.11254E+00]],[[5.18960E-01,7.88141E-02]]],[[[1.25202E+02,2.76233E+00]],[[4.90173E-01,8.41134E-02]]],[[[1.30000E+02,2.01241E+00]],[[6.35541E-01,1.18445E-01]]],[[[1.28958E+02,2.71523E+00]],[[3.87599E-01,5.29110E-02]]],[[[1.23814E+02,1.62865E+00]],[[4.70037E-01,9.68390E-02]]],[[[1.22093E+02,2.29167E+00]],[[4.25923E-01,6.27664E-02]]],[[[1.24275E+02,2.44966E+00]],[[4.79864E-01,8.51439E-02]]],[[[1.23777E+02,1.61003E+00]],[[3.96379E-01,4.72777E-02]]],[[[1.21611E+02,1.70630E+00]],[[5.98916E-01,1.28257E-01]]],[[[1.18024E+02,2.03777E+00]],[[4.33486E-01,1.07000E-01]]],[[[1.20034E+02,1.74165E+00]],[[5.12980E-01,1.15036E-01]]],[[[1.19799E+02,1.82212E+00]],[[4.96697E-01,8.73012E-02]]],[[[1.22945E+02,1.95661E+00]],[[4.69179E-01,8.74622E-02]]],[[[1.16159E+02,1.37742E+00]],[[3.92508E-01,