{
  "seed":2068974720,
  "pop":20000,
  "Source_batches":10,
  "Time_increment":1.00000E-01,
  "Time_bins":200,
  "Total_CPU_Time":1.85862E+03,
  "Transport_time":1.16384E+02,
  "batchSize":1,
  "flux_time":{
    "TimeBounds":[[0.00000E+00,1.00000E-01],[1.00000E-01,2.00000E-01],[2.00000E-01,3.00000E-01],[3.00000E-01,4.00000E-01],[4.00000E-01,5.00000E-01],[5.00000E-01,6.00000E-01],[6.00000E-01,7.00000E-01],[7.00000E-01,8.00000E-01],[8.00000E-01,9.00000E-01],[9.00000E-01,1.00000E+00],[1.00000E+00,1.10000E+00],[1.10000E+00,1.20000E+00],[1.20000E+00,1.30000E+00],[1.30000E+00,1.40000E+00],[1.40000E+00,1.50000E+00],[1.50000E+00,1.60000E+00],[1.60000E+00,1.70000E+00],[1.70000E+00,1.80000E+00],[1.80000E+00,1.90000E+00],[1.90000E+00,2.00000E+00],[2.00000E+00,2.10000E+00],[2.10000E+00,2.20000E+00],[2.20000E+00,2.30000E+00],[2.30000E+00,2.40000E+00],[2.40000E+00,2.50000E+00],[2.50000E+00,2.60000E+00],[2.60000E+00,2.70000E+00],[2.70000E+00,2.80000E+00],[2.80000E+00,2.90000E+00],[2.90000E+00,3.00000E+00],[3.00000E+00,3.10000E+00],[3.10000E+00,3.20000E+00],[3.20000E+00,3.30000E+00],[3.30000E+00,3.40000E+00],[3.40000E+00,3.50000E+00],[3.50000E+00,3.60000E+00],[3.60000E+00,3.70000E+00],[3.70000E+00,3.80000E+00],[3.80000E+00,3.90000E+00],[3.90000E+00,4.00000E+00],[4.00000E+00,4.10000E+00],[4.10000E+00,4.20000E+00],[4.20000E+00,4.30000E+00],[4.30000E+00,4.40000E+00],[4.40000E+00,4.50000E+00],[4.50000E+00,4.60000E+00],[4.60000E+00,4.70000E+00],[4.70000E+00,4.80000E+00],[4.80000E+00,4.90000E+00],[4.90000E+00,5.00000E+00],[5.00000E+00,5.10000E+00],[5.10000E+00,5.20000E+00],[5.20000E+00,5.30000E+00],[5.30000E+00,5.40000E+00],[5.40000E+00,5.50000E+00],[5.50000E+00,5.60000E+00],[5.60000E+00,5.70000E+00],[5.70000E+00,5.80000E+00],[5.80000E+00,5.90000E+00],[5.90000E+00,6.00000E+00],[6.00000E+00,6.10000E+00],[6.10000E+00,6.20000E+00],[6.20000E+00,6.30000E+00],[6.30000E+00,6.40000E+00],[6.40000E+00,6.50000E+00],[6.50000E+00,6.60000E+00],[6.60000E+00,6.70000E+00],[6.70000E+00,6.80000E+00],[6.80000E+00,6.90000E+00],[6.90000E+00,7.00000E+00],[7.00000E+00,7.10000E+00],[7.10000E+00,7.20000E+00],[7.20000E+00,7.30000E+00],[7.30000E+00,7.40000E+00],[7.40000E+00,7.50000E+00],[7.50000E+00,7.60000E+00],[7.60000E+00,7.70000E+00],[7.70000E+00,7.80000E+00],[7.80000E+00,7.90000E+00],[7.90000E+00,8.00000E+00],[8.00000E+00,8.10000E+00],[8.10000E+00,8.20000E+00],[8.20000E+00,8.30000E+00],[8.30000E+00,8.40000E+00],[8.40000E+00,8.50000E+00],[8.50000E+00,8.60000E+00],[8.60000E+00,8.70000E+00],[8.70000E+00,8.80000E+00],[8.80000E+00,8.90000E+00],[8.90000E+00,9.00000E+00],[9.00000E+00,9.10000E+00],[9.10000E+00,9.20000E+00],[9.20000E+00,9.30000E+00],[9.30000E+00,9.40000E+00],[9.40000E+00,9.50000E+00],[9.50000E+00,9.60000E+00],[9.60000E+00,9.70000E+00],[9.70000E+00,9.80000E+00],[9.80000E+00,9.90000E+00],[9.90000E+00,1.00000E+01],[1.00000E+01,1.01000E+01],[1.01000E+01,1.02000E+01],[1.02000E+01,1.03000E+01],[1.03000E+01,1.04000E+01],[1.04000E+01,1.05000E+01],[1.05000E+01,1.06000E+01],[1.06000E+01,1.07000E+01],[1.07000E+01,1.08000E+01],[1.08000E+01,1.09000E+01],[1.09000E+01,1.10000E+01],[1.10000E+01,1.11000E+01],[1.11000E+01,1.12000E+01],[1.12000E+01,1.13000E+01],[1.13000E+01,1.14000E+01],[1.14000E+01,1.15000E+01],[1.15000E+01,1.16000E+01],[1.16000E+01,1.17000E+01],[1.17000E+01,1.18000E+01],[1.18000E+01,1.19000E+01],[1.19000E+01,1.20000E+01],[1.20000E+01,1.21000E+01],[1.21000E+01,1.22000E+01],[1.22000E+01,1.23000E+01],[1.23000E+01,1.24000E+01],[1.24000E+01,1.25000E+01],[1.25000E+01,1.26000E+01],[1.26000E+01,1.27000E+01],[1.27000E+01,1.28000E+01],[1.28000E+01,1.29000E+01],[1.29000E+01,1.30000E+01],[1.30000E+01,1.31000E+01],[1.31000E+01,1.32000E+01],[1.32000E+01,1.33000E+01],[1.33000E+01,1.34000E+01],[1.34000E+01,1.35000E+01],[1.35000E+01,1.36000E+01],[1.36000E+01,1.37000E+01],[1.37000E+01,1.38000E+01],[1.38000E+01,1.39000E+01],[1.39000E+01,1.40000E+01],[1.40000E+01,1.41000E+01],[1.41000E+01,1.42000E+01],[1.42000E+01,1.43000E+01],[1.43000E+01,1.44000E+01],[1.44000E+01,1.45000E+01],[1.45000E+01,1.46000E+01],[1.46000E+01,1.47000E+01],[1.47000E+01,1.48000E+01],[1.48000E+01,1.49000E+01],[1.49000E+01,1.50000E+01],[1.50000E+01,1.51000E+01],[1.51000E+01,1.52000E+01],[1.52000E+01,1.53000E+01],[1.53000E+01,1.54000E+01],[1.54000E+01,1.55000E+01],[1.55000E+01,1.56000E+01],[1.56000E+01,1.57000E+01],[1.57000E+01,1.58000E+01],[1.58000E+01,1.59000E+01],[1.59000E+01,1.60000E+01],[1.60000E+01,1.61000E+01],[1.61000E+01,1.62000E+01],[1.62000E+01,1.63000E+01],[1.63000E+01,1.64000E+01],[1.64000E+01,1.65000E+01],[1.65000E+01,1.66000E+01],[1.66000E+01,1.67000E+01],[1.67000E+01,1.68000E+01],[1.68000E+01,1.69000E+01],[1.69000E+01,1.70000E+01],[1.70000E+01,1.71000E+01],[1.71000E+01,1.72000E+01],[1.72000E+01,1.73000E+01],[1.73000E+01,1.74000E+01],[1.74000E+01,1.75000E+01],[1.75000E+01,1.76000E+01],[1.76000E+01,1.77000E+01],[1.77000E+01,1.78000E+01],[1.78000E+01,1.79000E+01],[1.79000E+01,1.80000E+01],[1.80000E+01,1.81000E+01],[1.81000E+01,1.82000E+01],[1.82000E+01,1.83000E+01],[1.83000E+01,1.84000E+01],[1.84000E+01,1.85000E+01],[1.85000E+01,1.86000E+01],[1.86000E+01,1.87000E+01],[1.87000E+01,1.88000E+01],[1.88000E+01,1.89000E+01],[1.89000E+01,1.90000E+01],[1.90000E+01,1.91000E+01],[1.91000E+01,1.92000E+01],[1.92000E+01,1.93000E+01],[1.93000E+01,1.94000E+01],[1.94000E+01,1.95000E+01],[1.95000E+01,1.96000E+01],[1.96000E+01,1.97000E+01],[1.97000E+01,1.98000E+01],[1.98000E+01,1.99000E+01],[1.99000E+01,2.00000E+01]],