{
  "seed":-117485561,
  "pop":5000,
  "Source_batches":10,
  "Time_increment":1.00000E-07,
  "Time_bins":100,
  "Total_CPU_Time":6.56408E+00,
  "Transport_time":1.25786E+00,
  "batchSize":1,
  "flux_time":{
    "multiMapOrder":["Cell","Time"],
    "CellBins":[["1"],["2"]],
    "TimeBounds":[[0.00000E+00,1.00000E-07],[1.00000E-07,2.00000E-07],[2.00000E-07,3.00000E-07],[3.00000E-07,4.00000E-07],[4.00000E-07,5.00000E-07],[5.00000E-07,6.00000E-07],[6.00000E-07,7.00000E-07],[7.00000E-07,8.00000E-07],[8.00000E-07,9.00000E-07],[9.00000E-07,1.00000E-06],[1.00000E-06,1.10000E-06],[1.10000E-06,1.20000E-06],[1.20000E-06,1.30000E-06],[1.30000E-06,1.40000E-06],[1.40000E-06,1.50000E-06],[1.50000E-06,1.60000E-06],[1.60000E-06,1.70000E-06],[1.70000E-06,1.80000E-06],[1.80000E-06,1.90000E-06],[1.90000E-06,2.00000E-06],[2.00000E-06,2.10000E-06],[2.10000E-06,2.20000E-06],[2.20000E-06,2.30000E-06],[2.30000E-06,2.40000E-06],[2.40000E-06,2.50000E-06],[2.50000E-06,2.60000E-06],[2.60000E-06,2.70000E-06],[2.70000E-06,2.80000E-06],[2.80000E-06,2.90000E-06],[2.90000E-06,3.00000E-06],[3.00000E-06,3.10000E-06],[3.10000E-06,3.20000E-06],[3.20000E-06,3.30000E-06],[3.30000E-06,3.40000E-06],[3.40000E-06,3.50000E-06],[3.50000E-06,3.60000E-06],[3.60000E-06,3.70000E-06],[3.70000E-06,3.80000E-06],[3.80000E-06,3.90000E-06],[3.90000E-06,4.00000E-06],[4.00000E-06,4.10000E-06],[4.10000E-06,4.20000E-06],[4.20000E-06,4.30000E-06],[4.30000E-06,4.40000E-06],[4.40000E-06,4.50000E-06],[4.50000E-06,4.60000E-06],[4.60000E-06,4.70000E-06],[4.70000E-06,4.80000E-06],[4.80000E-06,4.90000E-06],[4.90000E-06,5.00000E-06],[5.00000E-06,5.10000E-06],[5.10000E-06,5.20000E-06],[5.20000E-06,5.30000E-06],[5.30000E-06,5.40000E-06],[5.40000E-06,5.50000E-06],[5.50000E-06,5.60000E-06],[5.60000E-06,5.70000E-06],[5.70000E-06,5.80000E-06],[5.80000E-06,5.90000E-06],[5.90000E-06,6.00000E-06],[6.00000E-06,6.10000E-06],[6.10000E-06,6.20000E-06],[6.20000E-06,6.30000E-06],[6.30000E-06,6.40000E-06],[6.40000E-06,6.50000E-06],[6.50000E-06,6.60000E-06],[6.60000E-06,6.70000E-06],[6.70000E-06,6.80000E-06],[6.80000E-06,6.90000E-06],[6.90000E-06,7.00000E-06],[7.00000E-06,7.10000E-06],[7.10000E-06,7.20000E-06],[7.20000E-06,7.30000E-06],[7.30000E-06,7.40000E-06],[7.40000E-06,7.50000E-06],[7.50000E-06,7.60000E-06],[7.60000E-06,7.70000E-06],[7.70000E-06,7.80000E-06],[7.80000E-06,7.90000E-06],[7.90000E-06,8.00000E-06],[8.00000E-06,8.10000E-06],[8.10000E-06,8.20000E-06],[8.20000E-06,8.30000E-06],[8.30000E-06,8.40000E-06],[8.40000E-06,8.50000E-06],[8.50000E-06,8.60000E-06],[8.60000E-06,8.70000E-06],[8.70000E-06,8.80000E-06],[8.80000E-06,8.90000E-06],[8.90000E-06,9.00000E-06],[9.00000E-06,9.10000E-06],[9.10000E-06,9.20000E-06],[9.20000E-06,9.30000E-06],[9.30000E-06,9.40000E-06],[9.40000E-06,9.50000E-06],[9.50000E-06,9.60000E-06],[9.60000E-06,9.70000E-06],[9.70000E-06,9.80000E-06],[9.80000E-06,9.90000E-06],[9.90000E-06,1.00000E-05]],
    "Res":[[[[1.79622E+04,2.79408E+01]],[[1.07279E+01,9.35863E-01]]],[[[5.31248E+03,2.01284E+01]],[[4.21004E+01,3.56442E+00]]],[[[3.11735E+03,1.39754E+01]],[[2.67179E+01,1.63783E+00]]],[[[2.22734E+03,1.25214E+01]],[[1.58180E+01,1.45820E+00]]],[[[1.72322E+03,1.32255E+01]],[[8.90313E+00,1.35726E+00]]],[[[1.39710E+03,1.71711E+01]],[[9.40880E+00,1.16651E+00]]],[[[1.15104E+03,1.00618E+01]],[[6.77399E+00,1.14619E+00]]],[[[1.01526E+03,8.01995E+00]],[[4.73443E+00,8.35150E-01]]],[[[8.91199E+02,8.18179E+00]],[[4.51492E+00,7.64841E-01]]],[[[7.98996E+02,7.91934E+00]],[[4.17320E+00,7.56659E-01]]],[[[7.20443E+02,8.02629E+00]],[[5.22909E+00,5.37410E-01]]],[[[6.56280E+02,5.32342E+00]],[[3.72649E+00,9.04811E-01]]],[[[6.04524E+02,7.39862E+00]],[[2.16128E+00,2.56451E-01]]],[[[5.57414E+02,3.51912E+00]],[[2.65056E+00,3.91788E-01]]],[[[5.15974E+02,3.61010E+00]],[[1.65902E+00,4.40063E-01]]],[[[4.83079E+02,7.41940E+00]],[[2.97156E+00,4.53907E-01]]],[[[4.51097E+02,4.35853E+00]],[[1.48014E+00,4.54345E-01]]],[[[4.30566E+02,4.90093E+00]],[[2.17342E+00,4.87928E-01]]],[[[3.97284E+02,5.60910E+00]],[[2.15488E+00,3.08193E-01]]],[[[3.94480E+02,2.73115E+00]],[[1.96866E+00,4.29907E-01]]],[[[3.76085E+02,4.11524E+00]],[[1.69059E+00,3.40382E-01]]],[[[3.49807E+02,6.78814E+00]],[[1.17823E+00,2.95869E-01]]],[[[3.40670E+02,3.54272E+00]],[[1.31362E+00,3.62179E-01]]],[[[3.27904E+02,6.94395E+00]],[[1.12330E+00,2.13494E-01]]],[[[3.17103E+02,4.20626E+00]],[[8.94474E-01,2.93743E-01]]],[[[2.94689E+02,5.20391E+00]],[[1.70420E+00,4.04970E-01]]],[[[2.84500E+02,4.83309E+00]],[[1.48047E+00,4.69443E-01]]],[[[2.84495E+02,4.53125E+00]],[[1.93745E+00,2.77312E-01]]],[[[2.72041E+02,5.36967E+00]],[[1.65272E+00,3.15762E-01]]],[[[2.71353E+02,3.73970E+00]],[[1.06437E+00,2.55462E-01]]],[[[2.57601E+02,3.50563E+00]],[[1.05838E+00,2.78706E-01]]],[[[2.50412E+02,2.68410E+00]],[[7.76750E-01,3.04574E-01]]],[[[2.41373E+02,3.45140E+00]],[[1.04295E+00,3.82400E-01]]],[[[2.31603E+02,3.92050E+00]],[[9.81823E-01,2.98176E-01]]],[[[2.25914E+02,3.73843E+00]],[[1.29985E+00,2.75954E-01]]],[[[2.21899E+02,2.68605E+00]],[[1.11393E+00,2.89490E-01]]],[[[2.20427E+02,3.45661E+00]],[[8.37216E-01,2.62964E-01]]],[[[2.11641E+02,5.19357E+00]],[[9.23292E-01,2.12073E-01]]],[[[2.14701E+02,4.66976E+00]],[[1.11666E+00,2.49655E-01]]],[[[2.07509E+02,4.35302E+00]],[[1.24175E+00,1.87271E-01]]],[[[1.97462E+02,4.57082E+00]],[[8.28773E-01,2.21199E-01]]],[[[1.90858E+02,4.92615E+00]],[[9.67806E-01,2.31748E-01]]],[[[1.93520E+02,4.90793E+00]],[[5.14209E-01,2.23889E-01]]],[[[1.87383E+02,3.36444E+00]],[[7.85502E-01,1.20480E-01]]],[[[1.84262E+02,4.05994E+00]],[[3.65257E-01,1.22969E-01]]],[[[1.85397E+02,3.27081E+00]],[[6.07522E-01,1.60835E-01]]],[[[1.83767E+02,3.88665E+00]],[[9.68955E-01,2.62927E-01]]],[[[1.74440E+02,4.69495E+00]],[[5.16239E-01,2.28762E-01]]],[[[1.63200E+02,5.20309E+00]],[[4.12256E-01,2.20921E-01]]],[[[1.69175E+02,3.53713E+00]],[[5.10238E-01,1.60299E-01]]],[[[1.66249E+02,3.36054E+00]],[[7.69312E-01,3.21175E-01]]],[[[1.66072E+02,3.04626E+00]],[[4.06478E-01,1.14530E-01]]],[[[1.55491E+02,2.28594E+00]],[[6.65088E-01,1.65097E-01]]],[[[1.60145E+02,4.15815E+00]],[[7.02328E-01,1.76694E-01]]],[[[1.59797E+02,3.87440E+00]],[[5.48104E-01,1.46303E-01]]],[[[1.61891E+02,2.68435E+00]],[[4.30150E-01,1.18041E-01]]],[[[1.55187E+02,4.03117E+00]],[[3.53109E-01,1.28117E-01]]],[[[1.49367E+02,3.80139E+00]],[[3.31431E-01,1.43892E-01]]],[[[1.41043E+02,4.45543E+00]],[[8.72076E-01,2.84676E-01]]],[[[1.48186E+02,2.67518E+00]],[[7.27363E-01,1.82513E-01]]],[[[1.44389E+02,3.61089E+00]],[[4.74040E-01,2.61633E-01]]],[[[1.41267E+02,3.61977E+00]],[[5.04861E-01,1.91562E-01]]],[[[1.40004E+02,3.25925E+00]],[[3.75151E-01,1.73844E-01]]],[[[1.40144E+02,2.10070E+00]],[[5.22440E-01,2.35704E-01]]],[[[1.43115E+02,3.97917E+00]],[[3.72037E-01,1.11711E-01]]],[[[1.37330E+02,3.10801E+00]],[[5.12688E-01,9.92757E-02]]],[[[1.37705E+02,3.58326E+00]],[[4.80774E-01,2.27009E-01]]],[[[1.34937E+02,2.02237E+00]],[[2.04067E-01,1.04496E-01]]],[[[1.42696E+02,2.90263E+00]],[[5.02483E-01,1.78691E-01]]],[[[1.30627E+02,3.42388E+00]],[[3.91958E-01,1.14150E-01]]],[[[1.32369E+02,2.58153E+00]],[[6.30659E-01,2.47097E-01]]],[[[1.23756E+02,2.88817E+00]],[[5.67147E-01,1.77003E-01]]],[[[1.29490E+02,2.48410E+00]],[[7.24918E-01,1.89044E-01]]],[[[1.30415E+02,2.79432E+00]],[[6.81122E-01,2.85979E-01]]],[[[1.29244E+02,3.01571E+00]],[[4.53574E-01,1.23006E-01]]],[[[1.24913E+02,3.00969E+00]],[[6.75540E-01,1.47756E-01]]],[[[1.32617E+02,2.67937E+00]],[[4.96216E-01,2.53733E-01]]],[[[1.20058E+02,2.57888E+00]],[[3.99699E-01,1.53907E-01]]],[[[1.27002E+02,1.74653E+00]],[[2.95914E-01,1.21205E-01]]],[[[1.21922E+02,2.67573E+00]],[[5.50783E-01,1.80280E-01]]],[[[1.31372E+02,4.07485E+00]],[[9.21648E-01,1.71209E-01]]],[[[1.23935E+02,2.67597E+00]],[[6.80758E-01,2.19817E-01]]],[[[1.22516E+02,3.12764E+00]],[[5.98638E-01,2.68478E-01]]],[[[1.21467E+02,2.44472E+00]],[[4.62225E-01,1.98687E-01]]],[[[1.22322E+02,3.59315E+00]],[[6.78935E-01,2.87784E-01]]],[[[1.16615E+02,1.46316E+00]],[[3.96193E-01,1.75697E-01]]],[[[1.19221E+02,2.92441E+00]],[[4.65930E-01,2.03963E-01]]],[[[1.22375E+02,2.64029E+00]],[[4.54792E-01,